"row ID","gas","before1","before2","peak5","sum5","peak24","sum24","mean15","hour","FH","T","Q","U","peak5T","diffT","std_day","std_year","kwh","kwhpeak5","day_year","day_week","next_day_week"
"Row0",162.0,168.0,171.0,172.0,839.0,172.0,2954.0,95.27,14.0,50.0,-26.0,24.0,74.0,-47.0,-4.0,22.27,102.68,37.7158333333,39.595,13.0,3.0,4.0
"Row1",153.0,162.0,168.0,172.0,838.0,172.0,2966.0,95.41,15.0,50.0,-24.0,17.0,74.0,-47.0,-2.0,12.23,91.9,37.6066666667,39.595,13.0,3.0,4.0
"Row2",153.0,153.0,162.0,172.0,826.0,172.0,2972.0,95.53,16.0,50.0,-22.0,4.0,78.0,-42.0,-2.0,14.94,91.33,37.1766666667,39.595,13.0,3.0,4.0
"Row3",153.0,153.0,153.0,171.0,807.0,172.0,2970.0,95.62,17.0,50.0,-22.0,0.0,84.0,-35.0,0.0,13.59,95.65,32.9275,39.1225,13.0,3.0,4.0
"Row4",152.0,153.0,153.0,168.0,789.0,172.0,2971.0,95.73,18.0,50.0,-22.0,0.0,88.0,-30.0,0.0,11.52,89.32,28.3183333333,38.8158333333,13.0,3.0,4.0
"Row5",150.0,152.0,153.0,162.0,773.0,172.0,2973.0,95.84,19.0,50.0,-21.0,0.0,90.0,-26.0,-1.0,10.83,84.38,25.6725,37.7158333333,13.0,3.0,4.0
"Row6",149.0,150.0,152.0,153.0,761.0,172.0,2975.0,95.94,20.0,50.0,-19.0,0.0,89.0,-24.0,-2.0,9.48,82.32,20.2316666667,37.6066666667,13.0,3.0,4.0
"Row7",149.0,149.0,150.0,153.0,757.0,172.0,2976.0,96.04,21.0,50.0,-18.0,0.0,90.0,-22.0,-1.0,7.97,87.24,11.245,37.1766666667,13.0,3.0,4.0
"Row8",72.0,149.0,149.0,153.0,753.0,172.0,2978.0,96.14,22.0,50.0,-16.0,0.0,90.0,-22.0,-2.0,-40.81,6.13,11.0258333333,32.9275,13.0,3.0,4.0
"Row9",183.0,177.0,170.0,177.0,612.0,177.0,3008.0,92.31,10.0,40.0,-60.0,44.0,78.0,-80.0,-8.0,23.62,129.01,39.4408333333,36.0091666667,26.0,2.0,3.0
"Row10",182.0,183.0,177.0,183.0,708.0,183.0,3040.0,92.43,11.0,40.0,-52.0,82.0,71.0,-80.0,-8.0,20.92,131.24,40.7183333333,39.4408333333,26.0,2.0,3.0
"Row11",174.0,182.0,183.0,183.0,801.0,183.0,3072.0,92.51,12.0,40.0,-47.0,123.0,69.0,-79.0,-5.0,16.2,123.93,40.0925,40.7183333333,26.0,2.0,3.0
"Row12",177.0,174.0,182.0,183.0,886.0,183.0,3093.0,92.59,13.0,40.0,-39.0,127.0,67.0,-74.0,-8.0,20.35,126.49,40.5675,40.7183333333,26.0,2.0,3.0
"Row13",167.0,177.0,174.0,183.0,893.0,183.0,3117.0,92.69,14.0,30.0,-42.0,94.0,71.0,-68.0,3.0,10.87,106.42,39.7683333333,40.7183333333,26.0,2.0,3.0
"Row14",163.0,167.0,177.0,183.0,883.0,183.0,3138.0,92.78,15.0,40.0,-48.0,52.0,74.0,-60.0,6.0,7.36,100.87,39.1791666667,40.7183333333,26.0,2.0,3.0
"Row15",161.0,163.0,167.0,182.0,863.0,183.0,3152.0,92.86,16.0,40.0,-53.0,17.0,76.0,-52.0,5.0,5.86,101.57,38.2266666667,40.7183333333,26.0,2.0,3.0
"Row16",162.0,161.0,163.0,177.0,842.0,183.0,3163.0,92.92,17.0,40.0,-58.0,0.0,78.0,-53.0,5.0,6.3,103.67,36.1116666667,40.5675,26.0,2.0,3.0
"Row17",161.0,162.0,161.0,177.0,830.0,183.0,3176.0,92.99,18.0,30.0,-61.0,0.0,79.0,-58.0,3.0,4.17,100.0,32.3125,40.5675,26.0,2.0,3.0
"Row18",159.0,161.0,162.0,167.0,814.0,183.0,3187.0,93.06,19.0,30.0,-64.0,0.0,80.0,-61.0,3.0,1.8,96.01,29.175,39.7683333333,26.0,2.0,3.0
"Row19",161.0,159.0,161.0,163.0,806.0,183.0,3196.0,93.14,20.0,30.0,-64.0,0.0,83.0,-64.0,0.0,4.29,87.22,25.3933333333,39.1791666667,26.0,2.0,3.0
"Row20",161.0,161.0,159.0,162.0,804.0,183.0,3205.0,93.22,21.0,20.0,-62.0,0.0,74.0,-64.0,-2.0,2.9,66.02,21.4091666667,38.2266666667,26.0,2.0,3.0
"Row21",143.0,161.0,161.0,162.0,804.0,183.0,3214.0,93.29,22.0,20.0,-61.0,0.0,75.0,-64.0,-1.0,8.3,81.8,18.51,36.1116666667,26.0,2.0,3.0
"Row22",135.0,143.0,161.0,161.0,785.0,183.0,3267.0,93.45,23.0,10.0,-77.0,0.0,80.0,-64.0,16.0,2.52,87.24,12.5566666667,32.3125,26.0,2.0,3.0
"Row23",89.0,135.0,143.0,161.0,759.0,183.0,3320.0,93.67,24.0,10.0,-84.0,0.0,86.0,-77.0,7.0,-6.16,19.34,11.3675,29.175,26.0,2.0,3.0
"Row24",93.0,89.0,135.0,161.0,689.0,183.0,3326.0,93.75,1.0,10.0,-93.0,0.0,81.0,-84.0,9.0,-1.69,45.79,12.3033333333,25.3933333333,27.0,3.0,4.0
"Row25",89.0,93.0,89.0,161.0,621.0,183.0,3335.0,93.83,2.0,10.0,-90.0,0.0,85.0,-93.0,-3.0,-3.91,35.78,12.3608333333,21.4091666667,27.0,3.0,4.0
"Row26",85.0,89.0,93.0,143.0,549.0,183.0,3345.0,93.88,3.0,10.0,-87.0,0.0,85.0,-93.0,-3.0,-9.66,32.1,12.4183333333,18.51,27.0,3.0,4.0
"Row27",94.0,85.0,89.0,135.0,491.0,183.0,3343.0,93.94,4.0,10.0,-83.0,0.0,82.0,-93.0,-4.0,-1.1,44.38,12.3458333333,12.5566666667,27.0,3.0,4.0
"Row28",91.0,94.0,85.0,94.0,450.0,183.0,3351.0,94.03,5.0,20.0,-66.0,0.0,83.0,-93.0,-17.0,-3.07,38.83,12.3458333333,12.4183333333,27.0,3.0,4.0
"Row29",91.0,91.0,94.0,94.0,452.0,183.0,3355.0,94.1,6.0,30.0,-57.0,0.0,80.0,-93.0,-9.0,-2.3,34.72,13.5608333333,12.4183333333,27.0,3.0,4.0
"Row30",94.0,91.0,91.0,94.0,450.0,183.0,3357.0,94.16,7.0,30.0,-48.0,0.0,83.0,-90.0,-9.0,1.22,40.76,23.605,13.5608333333,27.0,3.0,4.0
"Row31",170.0,94.0,91.0,94.0,455.0,183.0,3362.0,94.25,8.0,40.0,-39.0,1.0,81.0,-87.0,-9.0,22.38,108.73,28.4266666667,23.605,27.0,3.0,4.0
"Row32",168.0,170.0,94.0,170.0,540.0,183.0,3362.0,94.34,9.0,40.0,-30.0,10.0,82.0,-83.0,-9.0,14.72,36.45,35.275,28.4266666667,27.0,3.0,4.0
"Row33",174.0,168.0,170.0,170.0,614.0,183.0,3353.0,94.43,10.0,50.0,-19.0,27.0,82.0,-66.0,-11.0,21.28,71.55,37.68,35.275,27.0,3.0,4.0
"Row34",168.0,174.0,168.0,174.0,697.0,182.0,3344.0,94.52,11.0,70.0,-10.0,24.0,86.0,-57.0,-9.0,15.46,118.7,37.93,37.68,27.0,3.0,4.0
"Row35",159.0,168.0,174.0,174.0,774.0,177.0,3330.0,94.59,12.0,70.0,-1.0,30.0,86.0,-48.0,-9.0,11.38,103.59,37.8308333333,37.93,27.0,3.0,4.0
"Row36",153.0,159.0,168.0,174.0,839.0,177.0,3315.0,94.69,13.0,70.0,9.0,31.0,88.0,-39.0,-10.0,8.13,97.68,37.3875,37.93,27.0,3.0,4.0
"Row37",148.0,153.0,159.0,174.0,822.0,174.0,3291.0,94.76,14.0,80.0,22.0,22.0,80.0,-30.0,-13.0,5.16,88.18,37.3275,37.93,27.0,3.0,4.0
"Row38",145.0,148.0,153.0,174.0,802.0,174.0,3272.0,94.76,15.0,100.0,22.0,7.0,88.0,-19.0,0.0,4.19,87.16,36.7416666667,37.93,27.0,3.0,4.0
"Row39",142.0,145.0,148.0,168.0,773.0,174.0,3254.0,94.75,16.0,100.0,23.0,2.0,96.0,-10.0,-1.0,3.05,89.23,35.6533333333,37.93,27.0,3.0,4.0
"Row40",141.0,142.0,145.0,159.0,747.0,174.0,3235.0,94.71,17.0,90.0,28.0,0.0,98.0,23.0,-5.0,3.04,80.37,32.7775,37.8308333333,27.0,3.0,4.0
"Row41",135.0,141.0,142.0,153.0,729.0,174.0,3214.0,94.68,18.0,90.0,36.0,0.0,99.0,28.0,-8.0,-2.51,72.25,29.025,37.3875,27.0,3.0,4.0
"Row42",132.0,135.0,141.0,148.0,711.0,174.0,3188.0,94.64,19.0,90.0,40.0,0.0,99.0,36.0,-4.0,-4.85,16.02,26.615,37.3275,27.0,3.0,4.0
"Row43",128.0,132.0,135.0,145.0,695.0,174.0,3161.0,94.6,20.0,80.0,50.0,0.0,99.0,40.0,-10.0,-7.07,-3.82,21.1433333333,36.7416666667,27.0,3.0,4.0
"Row44",128.0,128.0,132.0,142.0,678.0,174.0,3128.0,94.54,21.0,70.0,49.0,0.0,98.0,50.0,1.0,-7.38,-14.29,11.7133333333,35.6533333333,27.0,3.0,4.0
"Row45",76.0,128.0,128.0,141.0,664.0,174.0,3095.0,94.49,22.0,70.0,46.0,0.0,94.0,50.0,3.0,-35.23,-59.91,11.3416666667,32.7775,27.0,3.0,4.0
"Row46",70.0,76.0,128.0,135.0,599.0,174.0,3028.0,94.39,23.0,80.0,46.0,0.0,89.0,50.0,0.0,-38.48,-62.68,11.2425,29.025,27.0,3.0,4.0
"Row47",153.0,151.0,150.0,155.0,753.0,159.0,2971.0,79.75,21.0,90.0,-27.0,0.0,69.0,-27.0,0.0,0.51,83.5,22.9608333333,38.0733333333,334.0,2.0,3.0
"Row48",156.0,153.0,151.0,155.0,756.0,159.0,2979.0,79.92,22.0,90.0,-31.0,0.0,68.0,-27.0,4.0,47.23,101.35,20.845,34.6066666667,334.0,2.0,3.0
"Row49",156.0,156.0,153.0,156.0,765.0,159.0,3066.0,80.19,23.0,90.0,-35.0,0.0,65.0,-31.0,4.0,40.72,104.07,10.2733333333,29.6716666667,334.0,2.0,3.0
"Row50",88.0,156.0,156.0,156.0,766.0,159.0,3141.0,80.47,24.0,80.0,-37.0,0.0,67.0,-35.0,2.0,-5.52,29.65,10.1691666667,26.2383333333,334.0,2.0,3.0
"Row51",89.0,88.0,156.0,156.0,704.0,159.0,3164.0,80.6,1.0,90.0,-45.0,0.0,66.0,-37.0,8.0,-6.56,34.91,13.9108333333,24.305,335.0,3.0,4.0
"Row52",105.0,89.0,88.0,156.0,642.0,159.0,3186.0,80.72,2.0,90.0,-48.0,0.0,66.0,-45.0,3.0,-5.55,52.25,13.9275,22.9608333333,335.0,3.0,4.0
"Row53",124.0,105.0,89.0,156.0,594.0,159.0,3200.0,80.85,3.0,90.0,-48.0,0.0,69.0,-48.0,0.0,2.63,74.39,12.7133333333,20.845,335.0,3.0,4.0
"Row54",121.0,124.0,105.0,156.0,562.0,159.0,3221.0,81.0,4.0,100.0,-52.0,0.0,69.0,-48.0,4.0,-5.36,67.44,10.0216666667,13.9275,335.0,3.0,4.0
"Row55",82.0,121.0,124.0,124.0,527.0,159.0,3239.0,81.14,5.0,100.0,-58.0,0.0,69.0,-52.0,6.0,-29.03,25.78,14.5708333333,13.9275,335.0,3.0,4.0
"Row56",119.0,82.0,121.0,124.0,521.0,159.0,3238.0,81.21,6.0,100.0,-60.0,0.0,71.0,-58.0,2.0,2.36,65.16,15.3241666667,14.5708333333,335.0,3.0,4.0
"Row57",129.0,119.0,82.0,124.0,551.0,159.0,3265.0,81.36,7.0,110.0,-61.0,0.0,71.0,-60.0,1.0,1.18,76.8,22.8458333333,15.3241666667,335.0,3.0,4.0
"Row58",187.0,129.0,119.0,129.0,575.0,159.0,3287.0,81.54,8.0,110.0,-63.0,3.0,69.0,-61.0,2.0,19.28,122.88,27.545,22.8458333333,335.0,3.0,4.0
"Row59",174.0,187.0,129.0,187.0,638.0,187.0,3315.0,81.8,9.0,100.0,-61.0,14.0,68.0,-63.0,-2.0,1.94,115.69,33.5433333333,27.545,335.0,3.0,4.0
"Row60",177.0,174.0,187.0,187.0,691.0,187.0,3346.0,81.99,10.0,110.0,-58.0,38.0,62.0,-63.0,-3.0,4.49,122.09,38.1025,33.5433333333,335.0,3.0,4.0
"Row61",178.0,177.0,174.0,187.0,786.0,187.0,3371.0,82.2,11.0,110.0,-54.0,65.0,62.0,-63.0,-4.0,7.17,130.48,39.4708333333,38.1025,335.0,3.0,4.0
"Row62",180.0,178.0,177.0,187.0,845.0,187.0,3394.0,82.42,12.0,110.0,-50.0,86.0,58.0,-63.0,-4.0,9.06,139.2,40.1975,39.4708333333,335.0,3.0,4.0
"Row63",177.0,180.0,178.0,187.0,896.0,187.0,3421.0,82.62,13.0,100.0,-50.0,55.0,57.0,-63.0,0.0,7.79,135.07,40.1875,40.1975,335.0,3.0,4.0
"Row64",163.0,177.0,180.0,180.0,886.0,187.0,3444.0,82.92,14.0,110.0,-48.0,35.0,55.0,-61.0,-2.0,-0.24,114.55,39.1383333333,40.1975,335.0,3.0,4.0
"Row65",174.0,163.0,177.0,180.0,875.0,187.0,3465.0,83.2,15.0,110.0,-52.0,11.0,54.0,-58.0,4.0,10.12,126.25,39.2866666667,40.1975,335.0,3.0,4.0
"Row66",171.0,174.0,163.0,180.0,872.0,187.0,3485.0,83.5,16.0,110.0,-56.0,1.0,57.0,-54.0,4.0,5.26,120.72,36.7491666667,40.1975,335.0,3.0,4.0
"Row67",172.0,171.0,174.0,180.0,865.0,187.0,3506.0,83.78,17.0,110.0,-58.0,0.0,57.0,-56.0,2.0,4.49,125.28,33.2108333333,40.1975,335.0,3.0,4.0
"Row68",154.0,172.0,171.0,177.0,857.0,187.0,3531.0,84.08,18.0,120.0,-62.0,0.0,60.0,-58.0,4.0,-11.4,101.48,27.5341666667,40.1875,335.0,3.0,4.0
"Row69",140.0,154.0,172.0,174.0,834.0,187.0,3530.0,84.26,19.0,110.0,-64.0,0.0,64.0,-62.0,2.0,-26.63,82.89,24.2025,39.2866666667,335.0,3.0,4.0
"Row70",201.0,140.0,154.0,174.0,811.0,187.0,3520.0,84.41,20.0,90.0,-68.0,0.0,65.0,-64.0,4.0,38.0,125.87,19.4241666667,39.2866666667,335.0,3.0,4.0
"Row71",140.0,201.0,140.0,201.0,838.0,201.0,3570.0,84.71,21.0,80.0,-68.0,0.0,70.0,-68.0,0.0,-26.52,69.93,10.4491666667,36.7491666667,335.0,3.0,4.0
"Row72",122.0,140.0,201.0,201.0,807.0,201.0,3557.0,84.84,22.0,80.0,-66.0,0.0,70.0,-68.0,-2.0,1.15,52.62,10.2158333333,33.2108333333,335.0,3.0,4.0
"Row73",77.0,122.0,140.0,201.0,757.0,201.0,3523.0,84.91,23.0,80.0,-65.0,0.0,70.0,-68.0,-1.0,-49.24,3.32,9.42083333333,27.5341666667,335.0,3.0,4.0
"Row74",87.0,77.0,122.0,201.0,680.0,201.0,3444.0,84.91,24.0,70.0,-66.0,0.0,72.0,-68.0,1.0,-16.14,14.63,9.62833333333,24.2025,335.0,3.0,4.0
"Row75",89.0,87.0,77.0,201.0,627.0,201.0,3443.0,85.03,1.0,70.0,-68.0,0.0,71.0,-68.0,2.0,-14.59,18.48,13.5316666667,19.4241666667,336.0,4.0,5.0
"Row76",110.0,89.0,87.0,140.0,515.0,201.0,3443.0,85.13,2.0,70.0,-71.0,0.0,77.0,-68.0,3.0,-8.75,46.57,13.7816666667,13.5316666667,336.0,4.0,5.0
"Row77",129.0,110.0,89.0,122.0,485.0,201.0,3448.0,85.24,3.0,70.0,-73.0,0.0,86.0,-71.0,2.0,0.62,68.16,12.58,13.7816666667,336.0,4.0,5.0
"Row78",125.0,129.0,110.0,129.0,492.0,201.0,3453.0,85.37,4.0,60.0,-73.0,0.0,88.0,-73.0,0.0,-7.53,65.56,9.81833333333,13.7816666667,336.0,4.0,5.0
"Row79",87.0,125.0,129.0,129.0,540.0,201.0,3457.0,85.5,5.0,50.0,-70.0,0.0,88.0,-73.0,-3.0,-29.8,14.78,14.22,13.7816666667,336.0,4.0,5.0
"Row80",118.0,87.0,125.0,129.0,540.0,201.0,3462.0,85.59,6.0,60.0,-70.0,0.0,85.0,-73.0,0.0,-2.52,48.54,14.5933333333,14.22,336.0,4.0,5.0
"Row81",134.0,118.0,87.0,129.0,569.0,201.0,3461.0,85.72,7.0,50.0,-67.0,0.0,79.0,-73.0,-3.0,3.02,59.55,21.13,14.5933333333,336.0,4.0,5.0
"Row82",177.0,134.0,118.0,134.0,593.0,201.0,3466.0,85.89,8.0,40.0,-67.0,0.0,85.0,-73.0,0.0,4.24,102.81,26.8341666667,21.13,336.0,4.0,5.0
"Row83",184.0,177.0,134.0,177.0,641.0,201.0,3456.0,86.14,9.0,40.0,-65.0,9.0,85.0,-73.0,-2.0,8.11,106.27,31.5258333333,26.8341666667,336.0,4.0,5.0
"Row84",173.0,184.0,177.0,184.0,700.0,201.0,3466.0,86.39,10.0,40.0,-63.0,22.0,83.0,-70.0,-2.0,-1.86,115.39,35.5225,31.5258333333,336.0,4.0,5.0
"Row85",179.0,173.0,184.0,184.0,786.0,201.0,3462.0,86.61,11.0,50.0,-61.0,34.0,80.0,-70.0,-2.0,5.74,132.54,38.1933333333,35.5225,336.0,4.0,5.0
"Row86",176.0,179.0,173.0,184.0,847.0,201.0,3463.0,86.85,12.0,50.0,-62.0,36.0,82.0,-67.0,1.0,3.53,129.93,39.6975,38.1933333333,336.0,4.0,5.0
"Row87",173.0,176.0,179.0,184.0,889.0,201.0,3459.0,87.08,13.0,30.0,-58.0,36.0,83.0,-67.0,-4.0,2.86,126.89,40.6283333333,39.6975,336.0,4.0,5.0
"Row88",161.0,173.0,176.0,184.0,885.0,201.0,3455.0,87.32,14.0,40.0,-57.0,29.0,80.0,-65.0,-1.0,-2.44,116.49,39.8291666667,40.6283333333,336.0,4.0,5.0
"Row89",167.0,161.0,173.0,179.0,862.0,201.0,3453.0,87.53,15.0,40.0,-58.0,17.0,83.0,-63.0,1.0,3.05,119.92,39.7533333333,40.6283333333,336.0,4.0,5.0
"Row90",168.0,167.0,161.0,179.0,856.0,201.0,3446.0,87.73,16.0,30.0,-67.0,1.0,84.0,-62.0,9.0,2.99,123.42,38.5275,40.6283333333,336.0,4.0,5.0
"Row91",168.0,168.0,167.0,176.0,845.0,201.0,3443.0,87.94,17.0,20.0,-62.0,0.0,83.0,-67.0,-5.0,2.12,123.08,33.9375,40.6283333333,336.0,4.0,5.0
"Row92",178.0,168.0,168.0,173.0,837.0,201.0,3439.0,88.14,18.0,20.0,-57.0,0.0,81.0,-67.0,-5.0,14.73,127.6,28.91,40.6283333333,336.0,4.0,5.0
"Row93",162.0,178.0,168.0,178.0,842.0,201.0,3463.0,88.38,19.0,30.0,-57.0,0.0,80.0,-67.0,0.0,-1.35,113.49,24.8283333333,39.8291666667,336.0,4.0,5.0
"Row94",157.0,162.0,178.0,178.0,843.0,201.0,3485.0,88.59,20.0,20.0,-59.0,0.0,79.0,-67.0,2.0,-2.53,87.64,22.6608333333,39.7533333333,336.0,4.0,5.0
"Row95",160.0,157.0,162.0,178.0,833.0,184.0,3441.0,88.78,21.0,10.0,-61.0,0.0,80.0,-67.0,2.0,-2.66,76.88,21.505,38.5275,336.0,4.0,5.0
"Row96",162.0,160.0,157.0,178.0,825.0,184.0,3461.0,88.99,22.0,10.0,-69.0,0.0,86.0,-62.0,8.0,45.61,96.98,18.9725,33.9375,336.0,4.0,5.0
"Row97",162.0,162.0,160.0,178.0,819.0,184.0,3501.0,89.27,23.0,0.0,-67.0,0.0,85.0,-69.0,-2.0,42.2,97.52,11.125,28.91,336.0,4.0,5.0
"Row98",94.0,162.0,162.0,162.0,803.0,184.0,3586.0,89.56,24.0,0.0,-90.0,0.0,88.0,-69.0,23.0,-3.18,16.02,11.9691666667,24.8283333333,336.0,4.0,5.0
"Row99",91.0,94.0,162.0,162.0,735.0,184.0,3593.0,89.7,1.0,10.0,-90.0,0.0,89.0,-90.0,0.0,-5.29,17.96,15.5375,22.6608333333,337.0,5.0,6.0
"Row100",83.0,91.0,94.0,162.0,669.0,184.0,3595.0,89.82,2.0,20.0,-84.0,0.0,88.0,-90.0,-6.0,-29.14,10.69,15.63,21.505,337.0,5.0,6.0
"Row101",119.0,83.0,91.0,162.0,592.0,184.0,3568.0,89.86,3.0,10.0,-71.0,0.0,88.0,-90.0,-13.0,-2.09,53.99,14.355,18.9725,337.0,5.0,6.0
"Row102",125.0,119.0,83.0,162.0,549.0,184.0,3558.0,89.99,4.0,20.0,-74.0,0.0,88.0,-90.0,3.0,0.09,57.21,12.08,15.63,337.0,5.0,6.0
"Row103",103.0,125.0,119.0,125.0,512.0,184.0,3558.0,90.14,5.0,20.0,-80.0,0.0,88.0,-90.0,6.0,-6.3,26.57,15.1366666667,15.63,337.0,5.0,6.0
"Row104",82.0,103.0,125.0,125.0,521.0,184.0,3574.0,90.28,6.0,20.0,-92.0,0.0,87.0,-90.0,12.0,-29.51,7.53,15.7083333333,15.63,337.0,5.0,6.0
"Row105",122.0,82.0,103.0,125.0,512.0,184.0,3538.0,90.31,7.0,30.0,-78.0,0.0,88.0,-92.0,-14.0,0.35,49.28,21.3466666667,15.7083333333,337.0,5.0,6.0
"Row106",210.0,122.0,82.0,125.0,551.0,184.0,3526.0,90.45,8.0,20.0,-77.0,1.0,86.0,-92.0,-1.0,44.31,141.22,26.5775,21.3466666667,337.0,5.0,6.0
"Row107",175.0,210.0,122.0,210.0,642.0,210.0,3559.0,90.79,9.0,20.0,-57.0,22.0,85.0,-92.0,-20.0,7.01,90.96,31.0408333333,26.5775,337.0,5.0,6.0
"Row108",180.0,175.0,210.0,210.0,692.0,210.0,3550.0,91.02,10.0,30.0,-56.0,28.0,83.0,-92.0,-1.0,14.09,72.47,34.9816666667,31.0408333333,337.0,5.0,6.0
"Row109",163.0,180.0,175.0,210.0,769.0,210.0,3557.0,91.26,11.0,40.0,-40.0,61.0,81.0,-92.0,-16.0,-1.81,52.89,36.4625,34.9816666667,337.0,5.0,6.0
"Row110",167.0,163.0,180.0,210.0,850.0,210.0,3541.0,91.46,12.0,40.0,-36.0,54.0,81.0,-78.0,-4.0,3.45,43.99,37.4283333333,36.4625,337.0,5.0,6.0
"Row111",166.0,167.0,163.0,210.0,895.0,210.0,3532.0,91.68,13.0,40.0,-29.0,42.0,78.0,-77.0,-7.0,4.94,130.59,37.6375,37.4283333333,337.0,5.0,6.0
"Row112",161.0,166.0,167.0,180.0,851.0,210.0,3525.0,91.9,14.0,30.0,-24.0,16.0,78.0,-57.0,-5.0,6.83,119.56,37.285,37.6375,337.0,5.0,6.0
"Row113",151.0,161.0,166.0,180.0,837.0,210.0,3525.0,92.11,15.0,50.0,-28.0,11.0,84.0,-56.0,4.0,-4.1,111.89,36.27,37.6375,337.0,5.0,6.0
"Row114",155.0,151.0,161.0,167.0,808.0,210.0,3509.0,92.3,16.0,40.0,-37.0,1.0,85.0,-40.0,9.0,-0.93,114.21,34.4608333333,37.6375,337.0,5.0,6.0
"Row115",154.0,155.0,151.0,167.0,800.0,210.0,3496.0,92.51,17.0,40.0,-39.0,0.0,84.0,-37.0,2.0,-2.46,115.23,31.3541666667,37.6375,337.0,5.0,6.0
"Row116",150.0,154.0,155.0,166.0,787.0,210.0,3482.0,92.7,18.0,30.0,-31.0,0.0,87.0,-39.0,-8.0,-3.9,109.54,26.9066666667,37.6375,337.0,5.0,6.0
"Row117",162.0,150.0,154.0,161.0,771.0,210.0,3454.0,92.86,19.0,50.0,-20.0,0.0,89.0,-39.0,-11.0,8.61,57.21,24.0275,37.285,337.0,5.0,6.0
"Row118",144.0,162.0,150.0,162.0,772.0,210.0,3454.0,93.06,20.0,40.0,-27.0,0.0,92.0,-39.0,7.0,-5.95,53.05,18.5225,36.27,337.0,5.0,6.0
"Row119",144.0,144.0,162.0,162.0,765.0,210.0,3441.0,93.22,21.0,30.0,-13.0,0.0,94.0,-39.0,-14.0,-9.24,64.21,9.935,34.4608333333,337.0,5.0,6.0
"Row120",96.0,144.0,144.0,162.0,754.0,210.0,3425.0,93.4,22.0,30.0,-30.0,0.0,93.0,-39.0,17.0,-10.9,18.11,9.64833333333,31.3541666667,337.0,5.0,6.0
"Row121",72.0,96.0,144.0,162.0,696.0,210.0,3359.0,93.45,23.0,50.0,-25.0,0.0,91.0,-31.0,-5.0,-36.87,13.31,8.69833333333,26.9066666667,337.0,5.0,6.0
"Row122",56.0,72.0,96.0,162.0,618.0,210.0,3269.0,93.48,24.0,60.0,-30.0,0.0,85.0,-30.0,5.0,-31.24,0.99,8.5875,24.0275,337.0,5.0,6.0
"Row123",73.0,56.0,72.0,144.0,512.0,210.0,3231.0,93.51,1.0,60.0,-28.0,0.0,87.0,-30.0,-2.0,-12.52,14.2,8.74833333333,18.5225,338.0,6.0,0.0
"Row124",69.0,73.0,56.0,144.0,441.0,210.0,3213.0,93.56,2.0,70.0,-35.0,0.0,86.0,-30.0,7.0,-33.44,11.82,8.68833333333,9.935,338.0,6.0,0.0
"Row125",76.0,69.0,73.0,96.0,366.0,210.0,3199.0,93.61,3.0,50.0,-47.0,0.0,85.0,-35.0,12.0,-35.11,13.63,8.765,9.64833333333,338.0,6.0,0.0
"Row126",74.0,76.0,69.0,76.0,346.0,210.0,3156.0,93.65,4.0,50.0,-47.0,0.0,80.0,-47.0,0.0,-40.97,13.21,8.7675,8.765,338.0,6.0,0.0
"Row127",70.0,74.0,76.0,76.0,348.0,210.0,3105.0,93.68,5.0,80.0,-54.0,0.0,84.0,-47.0,7.0,-29.86,10.59,8.75083333333,8.7675,338.0,6.0,0.0
"Row128",74.0,70.0,74.0,76.0,362.0,210.0,3072.0,93.72,6.0,70.0,-55.0,0.0,87.0,-54.0,1.0,-24.71,10.4,8.7875,8.7675,338.0,6.0,0.0
"Row129",82.0,74.0,70.0,76.0,363.0,210.0,3064.0,93.76,7.0,80.0,-45.0,0.0,83.0,-55.0,-10.0,-24.67,19.2,8.80833333333,8.7875,338.0,6.0,0.0
"Row130",146.0,148.0,144.0,148.0,724.0,166.0,3023.0,103.2,23.0,40.0,-24.0,0.0,96.0,-23.0,1.0,53.52,108.45,9.055,29.7466666667,341.0,2.0,3.0
"Row131",83.0,146.0,148.0,148.0,725.0,166.0,3113.0,103.46,24.0,40.0,-23.0,0.0,97.0,-24.0,-1.0,6.67,19.55,9.04583333333,26.4891666667,341.0,2.0,3.0
"Row132",66.0,83.0,146.0,148.0,663.0,166.0,3133.0,103.57,1.0,50.0,-22.0,0.0,97.0,-24.0,-1.0,-9.21,7.77,13.5975,24.8216666667,342.0,3.0,4.0
"Row133",86.0,66.0,83.0,148.0,587.0,166.0,3137.0,103.62,2.0,40.0,-23.0,0.0,95.0,-24.0,1.0,-8.39,16.8,13.3075,22.8991666667,342.0,3.0,4.0
"Row134",94.0,86.0,66.0,148.0,529.0,166.0,3138.0,103.69,3.0,50.0,-23.0,0.0,96.0,-24.0,0.0,-8.8,23.4,11.9816666667,19.7541666667,342.0,3.0,4.0
"Row135",117.0,94.0,86.0,146.0,475.0,166.0,3138.0,103.75,4.0,50.0,-22.0,0.0,96.0,-24.0,-1.0,10.55,57.77,9.10583333333,13.5975,342.0,3.0,4.0
"Row136",88.0,117.0,94.0,117.0,446.0,166.0,3160.0,103.88,5.0,50.0,-21.0,0.0,95.0,-23.0,-1.0,-4.7,25.16,14.0116666667,13.5975,342.0,3.0,4.0
"Row137",78.0,88.0,117.0,117.0,451.0,166.0,3154.0,103.96,6.0,50.0,-20.0,0.0,95.0,-23.0,-1.0,-14.23,16.04,14.7483333333,14.0116666667,342.0,3.0,4.0
"Row138",93.0,78.0,88.0,117.0,463.0,166.0,3145.0,103.99,7.0,40.0,-19.0,0.0,95.0,-23.0,-1.0,-8.61,29.73,21.9575,14.7483333333,342.0,3.0,4.0
"Row139",135.0,93.0,78.0,117.0,470.0,166.0,3144.0,104.04,8.0,40.0,-20.0,0.0,94.0,-23.0,1.0,-16.83,71.51,27.4366666667,21.9575,342.0,3.0,4.0
"Row140",182.0,135.0,93.0,135.0,511.0,166.0,3118.0,104.16,9.0,40.0,-19.0,5.0,94.0,-22.0,-1.0,29.73,124.67,32.3958333333,27.4366666667,342.0,3.0,4.0
"Row141",148.0,182.0,135.0,182.0,576.0,182.0,3134.0,104.41,10.0,40.0,-20.0,13.0,95.0,-21.0,1.0,0.54,96.29,37.335,32.3958333333,342.0,3.0,4.0
"Row142",151.0,148.0,182.0,182.0,636.0,182.0,3120.0,104.56,11.0,30.0,-17.0,20.0,94.0,-20.0,-3.0,3.3,100.46,39.6066666667,37.335,342.0,3.0,4.0
"Row143",153.0,151.0,148.0,182.0,709.0,182.0,3111.0,104.72,12.0,30.0,-11.0,28.0,92.0,-20.0,-6.0,6.49,112.13,39.7633333333,39.6066666667,342.0,3.0,4.0
"Row144",153.0,153.0,151.0,182.0,769.0,182.0,3109.0,104.89,13.0,30.0,-3.0,33.0,89.0,-20.0,-8.0,9.91,113.34,40.0583333333,39.7633333333,342.0,3.0,4.0
"Row145",148.0,153.0,153.0,182.0,787.0,182.0,3108.0,105.1,14.0,40.0,0.0,29.0,86.0,-20.0,-3.0,11.97,108.33,39.775,40.0583333333,342.0,3.0,4.0
"Row146",142.0,148.0,153.0,153.0,753.0,182.0,3106.0,105.28,15.0,30.0,-2.0,8.0,83.0,-20.0,2.0,5.65,99.32,39.3916666667,40.0583333333,342.0,3.0,4.0
"Row147",141.0,142.0,148.0,153.0,747.0,182.0,3089.0,105.45,16.0,30.0,-12.0,1.0,86.0,-17.0,10.0,2.05,95.56,36.4458333333,40.0583333333,342.0,3.0,4.0
"Row148",141.0,141.0,142.0,153.0,737.0,182.0,3074.0,105.61,17.0,20.0,-18.0,0.0,90.0,-12.0,6.0,2.97,97.29,33.2583333333,40.0583333333,342.0,3.0,4.0
"Row149",141.0,141.0,141.0,153.0,725.0,182.0,3069.0,105.76,18.0,20.0,-30.0,0.0,89.0,-18.0,12.0,4.09,96.55,28.17,40.0583333333,342.0,3.0,4.0
"Row150",132.0,141.0,141.0,148.0,713.0,182.0,3065.0,105.91,19.0,20.0,-32.0,0.0,92.0,-30.0,2.0,-0.73,82.31,24.855,39.775,342.0,3.0,4.0
"Row151",132.0,132.0,141.0,142.0,697.0,182.0,3052.0,106.02,20.0,30.0,-11.0,0.0,90.0,-32.0,-21.0,1.15,45.22,18.9925,39.3916666667,342.0,3.0,4.0
"Row152",134.0,132.0,132.0,141.0,687.0,182.0,3042.0,106.16,21.0,30.0,-17.0,0.0,91.0,-32.0,6.0,0.54,58.85,9.98583333333,36.4458333333,342.0,3.0,4.0
"Row153",86.0,134.0,132.0,141.0,680.0,182.0,3032.0,106.3,22.0,20.0,-21.0,0.0,93.0,-32.0,4.0,-0.74,2.18,9.6175,33.2583333333,342.0,3.0,4.0
"Row154",160.0,160.0,167.0,167.0,761.0,187.0,3009.0,97.09,20.0,20.0,-72.0,0.0,92.0,-77.0,-5.0,2.68,72.24,16.9508333333,28.8841666667,354.0,1.0,2.0
"Row155",168.0,160.0,160.0,167.0,778.0,187.0,3093.0,97.36,21.0,20.0,-74.0,0.0,92.0,-77.0,2.0,7.83,86.72,10.28,28.4816666667,354.0,1.0,2.0
"Row156",101.0,168.0,160.0,168.0,803.0,187.0,3194.0,97.66,22.0,20.0,-81.0,0.0,95.0,-77.0,7.0,-14.79,12.89,9.85583333333,27.8883333333,354.0,1.0,2.0
"Row157",71.0,101.0,168.0,168.0,756.0,187.0,3222.0,97.76,23.0,10.0,-84.0,0.0,99.0,-81.0,3.0,-50.07,-9.52,8.9725,24.8908333333,354.0,1.0,2.0
"Row158",83.0,71.0,101.0,168.0,660.0,187.0,3223.0,97.77,24.0,10.0,-108.0,0.0,98.0,-84.0,24.0,-4.15,7.52,9.195,22.2875,354.0,1.0,2.0
"Row159",71.0,83.0,71.0,168.0,583.0,187.0,3231.0,97.83,1.0,20.0,-100.0,0.0,98.0,-108.0,-8.0,-20.23,0.29,12.86,16.9508333333,355.0,2.0,3.0
"Row160",103.0,71.0,83.0,168.0,494.0,187.0,3234.0,97.86,2.0,20.0,-111.0,0.0,95.0,-108.0,11.0,-0.37,20.17,13.1366666667,12.86,355.0,2.0,3.0
"Row161",133.0,103.0,71.0,103.0,429.0,187.0,3242.0,97.92,3.0,20.0,-100.0,0.0,93.0,-111.0,-11.0,15.9,65.02,12.1391666667,13.1366666667,355.0,2.0,3.0
"Row162",131.0,133.0,103.0,133.0,461.0,187.0,3278.0,98.05,4.0,10.0,-87.0,0.0,93.0,-111.0,-13.0,6.24,72.5,9.36583333333,13.1366666667,355.0,2.0,3.0
"Row163",95.0,131.0,133.0,133.0,521.0,187.0,3264.0,98.15,5.0,10.0,-69.0,0.0,91.0,-111.0,-18.0,-6.59,21.69,13.9916666667,13.1366666667,355.0,2.0,3.0
"Row164",108.0,95.0,131.0,133.0,533.0,187.0,3272.0,98.22,6.0,20.0,-59.0,0.0,92.0,-111.0,-10.0,1.55,32.69,14.2958333333,13.9916666667,355.0,2.0,3.0
"Row165",119.0,108.0,95.0,133.0,570.0,187.0,3274.0,98.31,7.0,30.0,-48.0,0.0,93.0,-111.0,-11.0,4.05,60.09,20.0941666667,14.2958333333,355.0,2.0,3.0
"Row166",169.0,119.0,108.0,133.0,586.0,187.0,3275.0,98.39,8.0,30.0,-45.0,0.0,93.0,-100.0,-3.0,3.92,114.0,22.3116666667,20.0941666667,355.0,2.0,3.0
"Row167",178.0,169.0,119.0,169.0,622.0,180.0,3257.0,98.42,9.0,30.0,-45.0,5.0,93.0,-87.0,0.0,18.34,116.43,25.6758333333,22.3116666667,355.0,2.0,3.0
"Row168",161.0,178.0,169.0,178.0,669.0,180.0,3266.0,98.49,10.0,30.0,-36.0,14.0,93.0,-69.0,-9.0,5.38,107.25,27.3891666667,25.6758333333,355.0,2.0,3.0
"Row169",162.0,161.0,178.0,178.0,735.0,180.0,3259.0,98.53,11.0,20.0,-31.0,21.0,94.0,-59.0,-5.0,10.57,120.35,28.3675,27.3891666667,355.0,2.0,3.0
"Row170",164.0,162.0,161.0,178.0,789.0,178.0,3241.0,98.63,12.0,30.0,-25.0,31.0,92.0,-48.0,-6.0,6.63,116.7,27.9691666667,28.3675,355.0,2.0,3.0
"Row171",144.0,164.0,162.0,178.0,834.0,178.0,3241.0,98.74,13.0,30.0,-18.0,28.0,89.0,-45.0,-7.0,-3.03,98.82,27.8466666667,28.3675,355.0,2.0,3.0
"Row172",146.0,144.0,164.0,178.0,809.0,178.0,3233.0,98.8,14.0,40.0,-12.0,20.0,86.0,-45.0,-6.0,0.37,88.92,27.9466666667,28.3675,355.0,2.0,3.0
"Row173",130.0,146.0,144.0,164.0,777.0,178.0,3228.0,98.85,15.0,40.0,-13.0,8.0,87.0,-36.0,1.0,-13.45,73.59,27.4783333333,28.3675,355.0,2.0,3.0
"Row174",153.0,130.0,146.0,164.0,746.0,178.0,3215.0,98.81,16.0,40.0,-18.0,1.0,85.0,-31.0,5.0,1.53,96.89,26.47,28.3675,355.0,2.0,3.0
"Row175",150.0,153.0,130.0,164.0,737.0,178.0,3225.0,98.88,17.0,40.0,-18.0,0.0,85.0,-25.0,0.0,2.95,98.24,25.7216666667,27.9691666667,355.0,2.0,3.0
"Row176",146.0,150.0,153.0,153.0,723.0,178.0,3227.0,98.91,18.0,40.0,-17.0,0.0,82.0,-18.0,-1.0,-5.24,93.14,23.9725,27.9466666667,355.0,2.0,3.0
"Row177",144.0,146.0,150.0,153.0,725.0,178.0,3206.0,98.94,19.0,40.0,-17.0,0.0,83.0,-18.0,0.0,-3.61,89.14,20.9941666667,27.9466666667,355.0,2.0,3.0
"Row178",142.0,144.0,146.0,153.0,723.0,178.0,3190.0,98.98,20.0,30.0,-18.0,0.0,84.0,-18.0,1.0,-5.52,82.47,16.8433333333,27.4783333333,355.0,2.0,3.0
"Row179",143.0,142.0,144.0,153.0,735.0,178.0,3172.0,99.0,21.0,30.0,-17.0,0.0,85.0,-18.0,-1.0,-6.56,79.54,16.2316666667,26.47,355.0,2.0,3.0
"Row180",142.0,143.0,142.0,150.0,725.0,178.0,3147.0,99.02,22.0,30.0,-20.0,0.0,85.0,-18.0,3.0,36.78,83.7,15.6483333333,25.7216666667,355.0,2.0,3.0
"Row181",145.0,142.0,143.0,146.0,717.0,178.0,3188.0,99.16,23.0,40.0,-23.0,0.0,87.0,-20.0,3.0,29.31,86.57,9.03916666667,23.9725,355.0,2.0,3.0
"Row182",105.0,145.0,142.0,145.0,716.0,178.0,3262.0,99.41,24.0,50.0,-24.0,0.0,88.0,-23.0,1.0,29.93,48.95,8.96916666667,20.9941666667,355.0,2.0,3.0
"Row183",59.0,105.0,145.0,145.0,677.0,178.0,3284.0,99.53,1.0,50.0,-21.0,0.0,89.0,-24.0,-3.0,-19.21,2.21,13.0391666667,16.8433333333,356.0,3.0,4.0
"Row184",81.0,59.0,105.0,145.0,594.0,178.0,3272.0,99.52,2.0,50.0,-20.0,0.0,90.0,-24.0,-1.0,-9.15,15.58,13.1091666667,16.2316666667,356.0,3.0,4.0
"Row185",95.0,81.0,59.0,145.0,532.0,178.0,3250.0,99.51,3.0,50.0,-19.0,0.0,90.0,-24.0,-1.0,-9.27,30.12,11.8908333333,15.6483333333,356.0,3.0,4.0
"Row186",119.0,95.0,81.0,145.0,485.0,178.0,3212.0,99.51,4.0,50.0,-14.0,0.0,90.0,-24.0,-5.0,6.87,65.58,8.9875,13.1091666667,356.0,3.0,4.0
"Row187",88.0,119.0,95.0,119.0,459.0,178.0,3200.0,99.58,5.0,60.0,-17.0,0.0,93.0,-24.0,3.0,-0.2,24.85,13.785,13.1091666667,356.0,3.0,4.0
"Row188",78.0,88.0,119.0,119.0,442.0,178.0,3193.0,99.56,6.0,50.0,-22.0,0.0,96.0,-21.0,5.0,-16.25,17.19,14.5491666667,13.785,356.0,3.0,4.0
"Row189",95.0,78.0,88.0,119.0,461.0,178.0,3163.0,99.53,7.0,50.0,-25.0,0.0,98.0,-22.0,3.0,-8.26,30.72,20.7566666667,14.5491666667,356.0,3.0,4.0
"Row190",155.0,95.0,78.0,119.0,475.0,178.0,3139.0,99.54,8.0,60.0,-25.0,0.0,97.0,-25.0,0.0,1.47,101.04,22.6383333333,20.7566666667,356.0,3.0,4.0
"Row191",162.0,155.0,95.0,155.0,535.0,178.0,3125.0,99.52,9.0,50.0,-24.0,4.0,97.0,-25.0,-1.0,13.42,112.71,24.8341666667,22.6383333333,356.0,3.0,4.0
"Row192",140.0,162.0,155.0,162.0,578.0,164.0,3109.0,99.51,10.0,50.0,-22.0,15.0,95.0,-25.0,-2.0,-5.36,86.42,26.6608333333,24.8341666667,356.0,3.0,4.0
"Row193",132.0,140.0,162.0,162.0,630.0,164.0,3088.0,99.45,11.0,60.0,-19.0,25.0,95.0,-25.0,-3.0,-9.51,80.33,27.5333333333,26.6608333333,356.0,3.0,4.0
"Row194",161.0,132.0,140.0,162.0,684.0,164.0,3058.0,99.37,12.0,60.0,-17.0,25.0,94.0,-25.0,-2.0,13.04,113.58,27.6125,27.5333333333,356.0,3.0,4.0
"Row195",131.0,161.0,132.0,162.0,750.0,162.0,3055.0,99.39,13.0,70.0,-16.0,27.0,92.0,-25.0,-1.0,-6.88,94.2,27.3083333333,27.6125,356.0,3.0,4.0
"Row196",162.0,131.0,161.0,162.0,726.0,162.0,3042.0,99.32,14.0,70.0,-19.0,22.0,92.0,-24.0,3.0,24.59,119.6,27.1041666667,27.6125,356.0,3.0,4.0
"Row197",144.0,162.0,131.0,162.0,726.0,162.0,3058.0,99.36,15.0,70.0,-21.0,10.0,93.0,-22.0,2.0,7.9,97.8,27.0,27.6125,356.0,3.0,4.0
"Row198",149.0,144.0,162.0,162.0,730.0,162.0,3072.0,99.31,16.0,70.0,-21.0,1.0,94.0,-21.0,0.0,4.79,104.09,26.3158333333,27.6125,356.0,3.0,4.0
"Row199",148.0,149.0,144.0,162.0,747.0,162.0,3068.0,99.29,17.0,60.0,-19.0,0.0,90.0,-21.0,-2.0,7.46,101.78,25.635,27.6125,356.0,3.0,4.0
"Row200",146.0,148.0,149.0,162.0,734.0,162.0,3066.0,99.3,18.0,50.0,-19.0,0.0,87.0,-21.0,0.0,0.74,105.26,23.4575,27.3083333333,356.0,3.0,4.0
"Row201",144.0,146.0,148.0,162.0,749.0,162.0,3066.0,99.3,19.0,50.0,-17.0,0.0,87.0,-21.0,-2.0,1.36,89.88,21.7725,27.1041666667,356.0,3.0,4.0
"Row202",145.0,144.0,146.0,149.0,731.0,162.0,3066.0,99.3,20.0,50.0,-15.0,0.0,87.0,-21.0,-2.0,1.81,39.01,18.0433333333,27.0,356.0,3.0,4.0
"Row203",150.0,145.0,144.0,149.0,732.0,162.0,3069.0,99.31,21.0,50.0,-15.0,0.0,86.0,-21.0,0.0,4.12,67.36,10.04,26.3158333333,356.0,3.0,4.0
"Row204",107.0,150.0,145.0,150.0,733.0,162.0,3076.0,99.33,22.0,60.0,-15.0,0.0,87.0,-19.0,0.0,4.41,-0.58,9.44083333333,25.635,356.0,3.0,4.0
"Row205",53.0,107.0,150.0,150.0,692.0,162.0,3041.0,99.21,23.0,60.0,-15.0,0.0,85.0,-19.0,0.0,-66.24,-1.39,8.54,23.4575,356.0,3.0,4.0
"Row206",142.0,145.0,140.0,173.0,745.0,173.0,2979.0,99.7,13.0,80.0,-3.0,41.0,68.0,-3.0,0.0,7.95,100.84,23.1725,23.98,358.0,5.0,6.0
"Row207",137.0,142.0,145.0,145.0,714.0,173.0,2989.0,99.76,14.0,70.0,-2.0,28.0,67.0,-3.0,-1.0,3.05,99.29,23.2,23.98,358.0,5.0,6.0
"Row208",141.0,137.0,142.0,145.0,708.0,173.0,2985.0,99.84,15.0,80.0,-2.0,13.0,69.0,-3.0,0.0,7.9,97.39,22.5375,23.98,358.0,5.0,6.0
"Row209",141.0,141.0,137.0,145.0,705.0,173.0,2991.0,99.95,16.0,70.0,-8.0,1.0,71.0,-3.0,6.0,1.31,82.78,20.045,23.98,358.0,5.0,6.0
"Row210",138.0,141.0,141.0,145.0,706.0,173.0,2989.0,100.07,17.0,70.0,-10.0,0.0,71.0,-8.0,2.0,1.41,87.84,15.5608333333,23.98,358.0,5.0,6.0
"Row211",146.0,138.0,141.0,142.0,699.0,173.0,2991.0,100.17,18.0,60.0,-10.0,0.0,71.0,-10.0,0.0,5.69,100.1,15.6391666667,23.2,358.0,5.0,6.0
"Row212",147.0,146.0,138.0,146.0,703.0,173.0,3000.0,100.27,19.0,60.0,-12.0,0.0,69.0,-10.0,2.0,9.15,85.22,15.645,23.2,358.0,5.0,6.0
"Row213",144.0,147.0,146.0,147.0,713.0,173.0,3012.0,100.4,20.0,60.0,-13.0,0.0,69.0,-12.0,1.0,5.77,85.4,15.0591666667,22.5375,358.0,5.0,6.0
"Row214",150.0,144.0,147.0,147.0,716.0,173.0,3019.0,100.53,21.0,50.0,-16.0,0.0,70.0,-13.0,3.0,9.3,87.82,9.48333333333,20.045,358.0,5.0,6.0
"Row215",101.0,150.0,144.0,150.0,725.0,173.0,3029.0,100.62,22.0,40.0,-16.0,0.0,72.0,-16.0,0.0,2.12,44.73,9.24083333333,15.645,358.0,5.0,6.0
"Row216",59.0,101.0,150.0,150.0,688.0,173.0,2988.0,100.62,23.0,50.0,-12.0,0.0,71.0,-16.0,-4.0,-64.66,3.39,9.19333333333,15.645,358.0,5.0,6.0
"Row217",173.0,187.0,179.0,187.0,624.0,187.0,2981.0,83.59,10.0,70.0,-41.0,65.0,69.0,-52.0,-6.0,18.65,114.42,41.6466666667,36.1083333333,31.0,2.0,3.0
"Row218",176.0,173.0,187.0,187.0,723.0,187.0,2997.0,83.69,11.0,60.0,-31.0,94.0,67.0,-52.0,-10.0,26.53,98.76,41.5308333333,41.6466666667,31.0,2.0,3.0
"Row219",91.0,176.0,173.0,187.0,810.0,187.0,3014.0,83.81,12.0,70.0,-22.0,112.0,64.0,-52.0,-9.0,-57.63,23.5,41.4866666667,41.6466666667,31.0,2.0,3.0
"Row220",0.0,91.0,176.0,187.0,806.0,187.0,2949.0,83.69,13.0,80.0,-19.0,110.0,64.0,-52.0,-3.0,-151.21,-63.42,41.1183333333,41.6466666667,31.0,2.0,3.0
"Row221",149.0,156.0,159.0,323.0,951.0,323.0,2891.0,84.41,20.0,90.0,-41.0,0.0,66.0,-35.0,6.0,-2.44,73.34,25.1133333333,40.8875,31.0,2.0,3.0
"Row222",157.0,152.0,152.0,159.0,768.0,323.0,2993.0,84.83,23.0,70.0,-56.0,0.0,71.0,-51.0,5.0,56.98,82.0,13.5016666667,31.4241666667,31.0,2.0,3.0
"Row223",103.0,157.0,152.0,157.0,766.0,323.0,3064.0,85.13,24.0,70.0,-60.0,0.0,72.0,-56.0,4.0,-5.56,17.0,10.8233333333,27.255,31.0,2.0,3.0
"Row224",83.0,103.0,157.0,157.0,713.0,323.0,3113.0,85.26,1.0,70.0,-61.0,0.0,70.0,-60.0,1.0,0.21,3.41,13.5866666667,25.1133333333,32.0,3.0,4.0
"Row225",84.0,83.0,103.0,157.0,647.0,323.0,3132.0,85.34,2.0,70.0,-62.0,0.0,69.0,-61.0,1.0,-23.86,10.3,13.9533333333,23.2708333333,32.0,3.0,4.0
"Row226",110.0,84.0,83.0,157.0,579.0,323.0,3134.0,85.37,3.0,70.0,-60.0,0.0,71.0,-62.0,-2.0,-5.81,33.32,13.6891666667,22.7575,32.0,3.0,4.0
"Row227",123.0,110.0,84.0,157.0,537.0,323.0,3148.0,85.45,4.0,80.0,-58.0,0.0,69.0,-62.0,-2.0,6.99,42.33,10.3425,13.9533333333,32.0,3.0,4.0
"Row228",97.0,123.0,110.0,123.0,503.0,323.0,3175.0,85.54,5.0,90.0,-60.0,0.0,70.0,-62.0,2.0,-6.24,16.42,13.4158333333,13.9533333333,32.0,3.0,4.0
"Row229",89.0,97.0,123.0,123.0,497.0,323.0,3198.0,85.64,6.0,80.0,-59.0,0.0,65.0,-62.0,-1.0,-19.76,10.14,14.4825,13.9533333333,32.0,3.0,4.0
"Row230",113.0,89.0,97.0,123.0,503.0,323.0,3198.0,85.68,7.0,90.0,-59.0,0.0,64.0,-62.0,0.0,-5.27,27.66,20.8516666667,14.4825,32.0,3.0,4.0
"Row231",216.0,113.0,89.0,123.0,532.0,323.0,3216.0,85.77,8.0,90.0,-55.0,5.0,62.0,-60.0,-4.0,24.75,144.16,28.6775,20.8516666667,32.0,3.0,4.0
"Row232",192.0,216.0,113.0,216.0,638.0,323.0,3253.0,85.93,9.0,80.0,-49.0,38.0,57.0,-60.0,-6.0,25.28,116.94,33.5983333333,28.6775,32.0,3.0,4.0
"Row233",182.0,192.0,216.0,216.0,707.0,323.0,3258.0,86.06,10.0,90.0,-39.0,77.0,51.0,-60.0,-10.0,13.04,90.47,37.29,33.5983333333,32.0,3.0,4.0
"Row234",189.0,182.0,192.0,216.0,792.0,323.0,3267.0,86.17,11.0,90.0,-29.0,109.0,45.0,-59.0,-10.0,26.09,111.85,39.0508333333,37.29,32.0,3.0,4.0
"Row235",180.0,189.0,182.0,216.0,892.0,323.0,3280.0,86.31,12.0,90.0,-19.0,124.0,43.0,-59.0,-10.0,18.84,110.53,39.9791666667,39.0508333333,32.0,3.0,4.0
"Row236",172.0,180.0,189.0,216.0,959.0,323.0,3369.0,86.47,13.0,90.0,-17.0,122.0,38.0,-55.0,-2.0,8.84,112.74,39.9133333333,39.9791666667,32.0,3.0,4.0
"Row237",159.0,172.0,180.0,192.0,915.0,323.0,3541.0,86.63,14.0,90.0,-17.0,100.0,37.0,-49.0,0.0,3.55,85.78,39.5375,39.9791666667,32.0,3.0,4.0
"Row238",156.0,159.0,172.0,189.0,882.0,323.0,3653.0,86.77,15.0,90.0,-17.0,71.0,36.0,-39.0,0.0,-1.36,94.14,38.6841666667,39.9791666667,32.0,3.0,4.0
"Row239",154.0,156.0,159.0,189.0,856.0,216.0,3486.0,86.91,16.0,90.0,-20.0,31.0,32.0,-29.0,3.0,0.87,80.78,38.0866666667,39.9791666667,32.0,3.0,4.0
"Row240",148.0,154.0,156.0,180.0,821.0,216.0,3476.0,87.08,17.0,90.0,-23.0,2.0,32.0,-20.0,3.0,-3.58,84.57,34.2841666667,39.9791666667,32.0,3.0,4.0
"Row241",152.0,148.0,154.0,172.0,789.0,216.0,3475.0,87.22,18.0,100.0,-24.0,0.0,31.0,-23.0,1.0,-5.0,76.93,30.4183333333,39.9133333333,32.0,3.0,4.0
"Row242",158.0,152.0,148.0,159.0,769.0,216.0,3468.0,87.36,19.0,100.0,-25.0,0.0,53.0,-24.0,1.0,-2.95,85.23,27.5925,39.5375,32.0,3.0,4.0
"Row243",158.0,158.0,152.0,158.0,768.0,216.0,3470.0,87.49,20.0,90.0,-33.0,0.0,59.0,-25.0,8.0,-1.57,73.26,22.6116666667,38.6841666667,32.0,3.0,4.0
"Row244",152.0,158.0,158.0,158.0,770.0,216.0,3479.0,87.65,21.0,100.0,-35.0,0.0,50.0,-33.0,2.0,-4.81,79.78,12.3858333333,38.0866666667,32.0,3.0,4.0
"Row245",90.0,152.0,158.0,158.0,768.0,216.0,3479.0,87.78,22.0,90.0,-44.0,0.0,46.0,-35.0,9.0,-11.15,14.15,11.625,34.2841666667,32.0,3.0,4.0
"Row246",103.0,90.0,152.0,158.0,710.0,216.0,3417.0,87.72,23.0,90.0,-47.0,0.0,47.0,-44.0,3.0,-4.48,28.97,11.63,30.4183333333,32.0,3.0,4.0
"Row247",92.0,103.0,90.0,158.0,661.0,216.0,3363.0,87.71,24.0,80.0,-52.0,0.0,52.0,-47.0,5.0,-24.33,16.04,10.7025,27.5925,32.0,3.0,4.0
"Row248",83.0,92.0,103.0,158.0,595.0,216.0,3352.0,87.76,1.0,80.0,-54.0,0.0,56.0,-52.0,2.0,-7.12,10.12,13.4533333333,22.6116666667,33.0,4.0,5.0
"Row249",96.0,83.0,92.0,152.0,520.0,216.0,3352.0,87.83,2.0,80.0,-58.0,0.0,61.0,-54.0,4.0,-19.72,20.31,13.895,13.4533333333,33.0,4.0,5.0
"Row250",130.0,96.0,83.0,103.0,464.0,216.0,3364.0,87.91,3.0,80.0,-59.0,0.0,64.0,-58.0,1.0,5.42,60.35,13.5566666667,13.895,33.0,4.0,5.0
"Row251",125.0,130.0,96.0,130.0,504.0,216.0,3384.0,88.05,4.0,80.0,-62.0,0.0,67.0,-59.0,3.0,-0.43,57.68,10.67,13.895,33.0,4.0,5.0
"Row252",116.0,125.0,130.0,130.0,526.0,216.0,3386.0,88.17,5.0,80.0,-64.0,0.0,65.0,-62.0,2.0,4.0,39.32,13.5591666667,13.895,33.0,4.0,5.0
"Row253",105.0,116.0,125.0,130.0,550.0,216.0,3405.0,88.31,6.0,70.0,-64.0,0.0,62.0,-64.0,0.0,-14.18,27.93,14.5441666667,13.895,33.0,4.0,5.0
"Row254",138.0,105.0,116.0,130.0,572.0,216.0,3421.0,88.4,7.0,70.0,-69.0,0.0,65.0,-64.0,5.0,8.47,66.86,20.4158333333,14.5441666667,33.0,4.0,5.0
"Row255",207.0,138.0,105.0,138.0,614.0,216.0,3446.0,88.58,8.0,70.0,-66.0,6.0,55.0,-69.0,-3.0,2.69,88.52,29.1333333333,20.4158333333,33.0,4.0,5.0
"Row256",181.0,207.0,138.0,207.0,691.0,207.0,3437.0,88.74,9.0,70.0,-62.0,41.0,53.0,-69.0,-4.0,1.18,98.15,34.2458333333,29.1333333333,33.0,4.0,5.0
"Row257",193.0,181.0,207.0,207.0,747.0,207.0,3426.0,88.91,10.0,70.0,-56.0,81.0,47.0,-69.0,-6.0,10.58,136.29,39.1583333333,34.2458333333,33.0,4.0,5.0
"Row258",180.0,193.0,181.0,207.0,824.0,207.0,3437.0,89.09,11.0,70.0,-51.0,111.0,51.0,-69.0,-5.0,3.72,58.07,40.8625,39.1583333333,33.0,4.0,5.0
"Row259",198.0,180.0,193.0,207.0,899.0,207.0,3428.0,89.24,12.0,70.0,-43.0,127.0,41.0,-69.0,-8.0,23.31,135.26,42.7083333333,40.8625,33.0,4.0,5.0
"Row260",182.0,198.0,180.0,207.0,959.0,207.0,3446.0,89.46,13.0,70.0,-43.0,126.0,40.0,-66.0,0.0,4.82,132.42,42.6258333333,42.7083333333,33.0,4.0,5.0
"Row261",190.0,182.0,198.0,198.0,934.0,207.0,3456.0,89.62,14.0,70.0,-40.0,104.0,39.0,-62.0,-3.0,21.13,132.12,41.7333333333,42.7083333333,33.0,4.0,5.0
"Row262",177.0,190.0,182.0,198.0,943.0,207.0,3487.0,89.82,15.0,70.0,-39.0,74.0,37.0,-56.0,-1.0,6.59,85.41,40.4516666667,42.7083333333,33.0,4.0,5.0
"Row263",167.0,177.0,190.0,198.0,927.0,207.0,3508.0,89.99,16.0,70.0,-46.0,33.0,39.0,-51.0,7.0,1.06,105.68,38.3308333333,42.7083333333,33.0,4.0,5.0
"Row264",164.0,167.0,177.0,198.0,914.0,207.0,3521.0,90.13,17.0,70.0,-50.0,3.0,44.0,-46.0,4.0,-0.31,102.65,35.3466666667,42.7083333333,33.0,4.0,5.0
"Row265",171.0,164.0,167.0,190.0,880.0,207.0,3537.0,90.27,18.0,70.0,-50.0,0.0,48.0,-50.0,0.0,1.96,111.95,31.5341666667,42.6258333333,33.0,4.0,5.0
"Row266",179.0,171.0,164.0,190.0,869.0,207.0,3556.0,90.45,19.0,70.0,-50.0,0.0,51.0,-50.0,0.0,5.9,77.06,28.4108333333,41.7333333333,33.0,4.0,5.0
"Row267",173.0,179.0,171.0,179.0,858.0,207.0,3577.0,90.66,20.0,70.0,-54.0,0.0,54.0,-50.0,4.0,2.59,112.3,25.4791666667,40.4516666667,33.0,4.0,5.0
"Row268",162.0,173.0,179.0,179.0,854.0,207.0,3592.0,90.86,21.0,60.0,-48.0,0.0,55.0,-54.0,-6.0,-5.3,81.03,24.44,38.3308333333,33.0,4.0,5.0
"Row269",163.0,162.0,173.0,179.0,849.0,207.0,3602.0,91.04,22.0,60.0,-51.0,0.0,54.0,-54.0,3.0,53.13,104.57,23.2983333333,35.3466666667,33.0,4.0,5.0
"Row270",165.0,163.0,162.0,179.0,848.0,207.0,3675.0,91.32,23.0,40.0,-65.0,0.0,61.0,-54.0,14.0,49.34,92.17,13.6608333333,31.5341666667,33.0,4.0,5.0
"Row271",104.0,165.0,163.0,179.0,842.0,207.0,3737.0,91.67,24.0,40.0,-68.0,0.0,64.0,-65.0,3.0,-20.02,42.91,10.95,28.4108333333,33.0,4.0,5.0
"Row272",90.0,104.0,165.0,173.0,767.0,207.0,3749.0,91.8,1.0,20.0,-77.0,0.0,68.0,-68.0,9.0,-6.57,20.46,13.9016666667,25.4791666667,34.0,5.0,6.0
"Row273",109.0,90.0,104.0,165.0,684.0,207.0,3756.0,91.92,2.0,20.0,-73.0,0.0,68.0,-77.0,-4.0,-12.55,50.67,14.3641666667,24.44,34.0,5.0,6.0
"Row274",126.0,109.0,90.0,165.0,631.0,207.0,3769.0,92.07,3.0,10.0,-77.0,0.0,82.0,-77.0,4.0,-4.19,66.15,13.8658333333,23.2983333333,34.0,5.0,6.0
"Row275",133.0,126.0,109.0,165.0,594.0,207.0,3765.0,92.25,4.0,20.0,-70.0,0.0,80.0,-77.0,-7.0,2.44,74.11,10.9525,14.3641666667,34.0,5.0,6.0
"Row276",80.0,133.0,126.0,133.0,562.0,207.0,3773.0,92.45,5.0,20.0,-59.0,0.0,80.0,-77.0,-11.0,-35.34,14.33,13.9166666667,14.3641666667,34.0,5.0,6.0
"Row277",117.0,80.0,133.0,133.0,538.0,207.0,3737.0,92.53,6.0,10.0,-56.0,0.0,80.0,-77.0,-3.0,-6.1,56.64,14.81,14.3641666667,34.0,5.0,6.0
"Row278",109.0,117.0,80.0,133.0,565.0,207.0,3749.0,92.69,7.0,20.0,-67.0,0.0,75.0,-77.0,11.0,-24.22,47.94,20.2716666667,14.81,34.0,5.0,6.0
"Row279",212.0,109.0,117.0,133.0,565.0,207.0,3720.0,92.83,8.0,20.0,-51.0,3.0,76.0,-77.0,-16.0,3.26,151.21,28.1425,20.2716666667,34.0,5.0,6.0
"Row280",173.0,212.0,109.0,212.0,651.0,212.0,3725.0,93.15,9.0,40.0,-47.0,20.0,69.0,-70.0,-4.0,-10.21,118.6,32.4925,28.1425,34.0,5.0,6.0
"Row281",180.0,173.0,212.0,212.0,691.0,212.0,3717.0,93.37,10.0,50.0,-42.0,28.0,63.0,-67.0,-5.0,-5.85,111.41,36.0033333333,32.4925,34.0,5.0,6.0
"Row282",175.0,180.0,173.0,212.0,791.0,212.0,3704.0,93.61,11.0,60.0,-52.0,31.0,89.0,-67.0,10.0,-4.28,122.23,38.3841666667,36.0033333333,34.0,5.0,6.0
"Row283",175.0,175.0,180.0,212.0,849.0,212.0,3699.0,93.84,12.0,60.0,-51.0,24.0,94.0,-67.0,-1.0,-2.52,116.71,39.7,38.3841666667,34.0,5.0,6.0
"Row284",183.0,175.0,175.0,212.0,915.0,212.0,3676.0,94.06,13.0,70.0,-51.0,35.0,90.0,-52.0,0.0,2.82,128.15,40.0741666667,39.7,34.0,5.0,6.0
"Row285",190.0,183.0,175.0,183.0,886.0,212.0,3677.0,94.31,14.0,80.0,-51.0,38.0,86.0,-52.0,0.0,18.18,123.03,40.0308333333,40.0741666667,34.0,5.0,6.0
"Row286",180.0,190.0,183.0,190.0,903.0,212.0,3677.0,94.58,15.0,70.0,-52.0,31.0,81.0,-52.0,1.0,6.45,117.26,38.5383333333,40.0741666667,34.0,5.0,6.0
"Row287",179.0,180.0,190.0,190.0,903.0,212.0,3680.0,94.81,16.0,50.0,-62.0,15.0,85.0,-52.0,10.0,9.59,109.07,36.495,40.0741666667,34.0,5.0,6.0
"Row288",181.0,179.0,180.0,190.0,907.0,212.0,3692.0,95.09,17.0,50.0,-73.0,3.0,83.0,-62.0,11.0,12.73,124.05,32.9516666667,40.0741666667,34.0,5.0,6.0
"Row289",183.0,181.0,179.0,190.0,913.0,212.0,3709.0,95.37,18.0,30.0,-90.0,0.0,92.0,-73.0,17.0,9.58,118.41,30.13,40.0741666667,34.0,5.0,6.0
"Row290",179.0,183.0,181.0,190.0,913.0,212.0,3721.0,95.65,19.0,20.0,-90.0,0.0,92.0,-90.0,0.0,0.31,118.71,28.0291666667,40.0308333333,34.0,5.0,6.0
"Row291",185.0,179.0,183.0,183.0,902.0,212.0,3721.0,95.91,20.0,20.0,-76.0,0.0,90.0,-90.0,-14.0,9.21,94.93,23.7366666667,38.5383333333,34.0,5.0,6.0
"Row292",179.0,185.0,179.0,185.0,907.0,212.0,3733.0,96.19,21.0,20.0,-75.0,0.0,86.0,-90.0,-1.0,5.58,70.86,12.8466666667,36.495,34.0,5.0,6.0
"Row293",98.0,179.0,185.0,185.0,907.0,212.0,3750.0,96.46,22.0,10.0,-86.0,0.0,94.0,-90.0,11.0,-16.91,-6.09,11.7358333333,32.9516666667,34.0,5.0,6.0
"Row294",89.0,98.0,179.0,185.0,824.0,212.0,3685.0,96.48,23.0,10.0,-94.0,0.0,97.0,-90.0,8.0,-31.86,-8.42,11.8166666667,30.13,34.0,5.0,6.0
"Row295",91.0,89.0,98.0,185.0,730.0,212.0,3609.0,96.48,24.0,10.0,-145.0,0.0,97.0,-94.0,51.0,-38.42,5.05,11.06,28.0291666667,34.0,5.0,6.0
"Row296",96.0,91.0,89.0,185.0,642.0,212.0,3596.0,96.59,1.0,10.0,-144.0,0.0,98.0,-145.0,-1.0,-6.21,17.12,10.725,23.7366666667,35.0,6.0,0.0
"Row297",89.0,96.0,91.0,179.0,553.0,212.0,3602.0,96.76,2.0,10.0,-166.0,0.0,98.0,-145.0,22.0,-36.96,24.4,10.6875,12.8466666667,35.0,6.0,0.0
"Row298",92.0,89.0,96.0,98.0,463.0,212.0,3582.0,96.87,3.0,10.0,-176.0,0.0,98.0,-166.0,10.0,-41.47,15.0,10.8408333333,11.8166666667,35.0,6.0,0.0
"Row299",103.0,92.0,89.0,96.0,457.0,212.0,3548.0,96.92,4.0,10.0,-172.0,0.0,97.0,-176.0,-4.0,-29.7,30.4,10.8225,11.8166666667,35.0,6.0,0.0
"Row300",90.0,103.0,92.0,103.0,471.0,212.0,3518.0,97.01,5.0,10.0,-175.0,0.0,96.0,-176.0,3.0,-25.38,14.09,10.7991666667,11.06,35.0,6.0,0.0
"Row301",94.0,90.0,103.0,103.0,470.0,212.0,3528.0,97.11,6.0,10.0,-169.0,0.0,98.0,-176.0,-6.0,-27.97,19.17,10.6158333333,10.8408333333,35.0,6.0,0.0
"Row302",107.0,94.0,90.0,103.0,468.0,212.0,3505.0,97.21,7.0,10.0,-170.0,0.0,99.0,-176.0,1.0,-23.38,2.02,13.5358333333,10.8408333333,35.0,6.0,0.0
"Row303",161.0,107.0,94.0,107.0,486.0,212.0,3503.0,97.33,8.0,10.0,-178.0,7.0,95.0,-176.0,8.0,-42.73,40.84,17.925,13.5358333333,35.0,6.0,0.0
"Row304",184.0,161.0,107.0,161.0,555.0,190.0,3452.0,97.5,9.0,10.0,-107.0,54.0,87.0,-178.0,-71.0,8.13,64.75,17.5641666667,17.925,35.0,6.0,0.0
"Row305",218.0,184.0,161.0,184.0,636.0,190.0,3463.0,97.7,10.0,10.0,-98.0,107.0,87.0,-178.0,-9.0,41.42,110.86,17.6491666667,17.925,35.0,6.0,0.0
"Row306",189.0,218.0,184.0,218.0,764.0,218.0,3501.0,98.05,11.0,10.0,-80.0,138.0,85.0,-178.0,-18.0,20.67,133.17,17.5566666667,17.925,35.0,6.0,0.0
"Row307",193.0,189.0,218.0,218.0,859.0,218.0,3515.0,98.31,12.0,10.0,-67.0,160.0,72.0,-178.0,-13.0,28.04,135.71,17.4966666667,17.925,35.0,6.0,0.0
"Row308",180.0,193.0,189.0,218.0,945.0,218.0,3533.0,98.57,13.0,0.0,-60.0,199.0,67.0,-178.0,-7.0,14.01,126.48,17.2341666667,17.925,35.0,6.0,0.0
"Row309",157.0,180.0,193.0,218.0,964.0,218.0,3530.0,98.81,14.0,20.0,-57.0,150.0,67.0,-107.0,-3.0,0.65,102.61,17.2425,17.6491666667,35.0,6.0,0.0
"Row310",157.0,157.0,180.0,218.0,937.0,218.0,3497.0,98.98,15.0,30.0,-69.0,102.0,68.0,-98.0,12.0,-0.14,99.23,17.1691666667,17.6491666667,35.0,6.0,0.0
"Row311",161.0,157.0,157.0,193.0,876.0,218.0,3474.0,99.14,16.0,30.0,-93.0,43.0,75.0,-80.0,24.0,9.09,104.63,17.165,17.5566666667,35.0,6.0,0.0
"Row312",156.0,161.0,157.0,193.0,848.0,218.0,3456.0,99.31,17.0,20.0,-87.0,3.0,80.0,-93.0,-6.0,6.25,102.83,17.4408333333,17.4966666667,35.0,6.0,0.0
"Row313",188.0,156.0,161.0,180.0,811.0,218.0,3431.0,99.48,18.0,20.0,-101.0,0.0,83.0,-93.0,14.0,34.18,132.92,17.3775,17.4408333333,35.0,6.0,0.0
"Row314",187.0,188.0,156.0,188.0,819.0,218.0,3436.0,99.73,19.0,30.0,-109.0,0.0,83.0,-101.0,8.0,28.44,121.81,15.0291666667,17.4408333333,35.0,6.0,0.0
"Row315",154.0,187.0,188.0,188.0,849.0,218.0,3444.0,99.98,20.0,30.0,-104.0,0.0,85.0,-109.0,-5.0,-0.19,60.52,10.6933333333,17.4408333333,35.0,6.0,0.0
"Row316",85.0,154.0,187.0,188.0,846.0,218.0,3413.0,100.12,21.0,40.0,-107.0,0.0,87.0,-109.0,3.0,-66.25,-3.82,10.7975,17.4408333333,35.0,6.0,0.0
"Row317",95.0,85.0,154.0,188.0,770.0,218.0,3319.0,100.12,22.0,40.0,-96.0,0.0,87.0,-109.0,-11.0,1.34,9.76,10.665,17.4408333333,35.0,6.0,0.0
"Row318",98.0,95.0,85.0,188.0,709.0,218.0,3316.0,100.22,23.0,50.0,-90.0,0.0,83.0,-109.0,-6.0,1.03,24.55,10.6691666667,17.3775,35.0,6.0,0.0
"Row319",88.0,98.0,95.0,187.0,619.0,218.0,3325.0,100.39,24.0,50.0,-85.0,0.0,80.0,-109.0,-5.0,-18.05,11.13,10.7216666667,15.0291666667,35.0,6.0,0.0
"Row320",101.0,88.0,98.0,154.0,520.0,218.0,3322.0,100.45,1.0,50.0,-82.0,0.0,77.0,-107.0,-3.0,23.02,24.12,10.6725,10.7975,36.0,0.0,1.0
"Row321",97.0,101.0,88.0,101.0,467.0,218.0,3327.0,100.59,2.0,50.0,-81.0,0.0,73.0,-107.0,-1.0,-5.17,17.34,10.6325,10.7975,36.0,0.0,1.0
"Row322",88.0,97.0,101.0,101.0,479.0,218.0,3335.0,100.72,3.0,50.0,-80.0,0.0,75.0,-96.0,-1.0,-22.2,17.48,10.6916666667,10.7216666667,36.0,0.0,1.0
"Row323",104.0,88.0,97.0,101.0,472.0,218.0,3331.0,100.83,4.0,60.0,-80.0,0.0,70.0,-90.0,0.0,-5.95,24.3,10.6358333333,10.7216666667,36.0,0.0,1.0
"Row324",89.0,104.0,88.0,104.0,478.0,218.0,3332.0,100.97,5.0,50.0,-80.0,0.0,66.0,-85.0,0.0,-3.18,16.54,10.6083333333,10.7216666667,36.0,0.0,1.0
"Row325",95.0,89.0,104.0,104.0,479.0,218.0,3331.0,101.09,6.0,50.0,-79.0,0.0,64.0,-82.0,-1.0,-5.53,15.7,10.5666666667,10.6916666667,36.0,0.0,1.0
"Row326",97.0,95.0,89.0,104.0,473.0,218.0,3332.0,101.21,7.0,60.0,-80.0,0.0,66.0,-81.0,1.0,-13.18,23.98,10.4475,10.6916666667,36.0,0.0,1.0
"Row327",91.0,97.0,95.0,104.0,473.0,218.0,3322.0,101.35,8.0,60.0,-80.0,3.0,65.0,-80.0,0.0,-93.29,4.16,10.4508333333,10.6916666667,36.0,0.0,1.0
"Row328",104.0,91.0,97.0,104.0,476.0,218.0,3252.0,101.44,9.0,60.0,-78.0,25.0,65.0,-80.0,-2.0,-53.05,11.7,10.3058333333,10.6358333333,36.0,0.0,1.0
"Row329",88.0,104.0,91.0,104.0,476.0,218.0,3172.0,101.47,10.0,60.0,-72.0,80.0,65.0,-80.0,-6.0,-70.89,13.51,10.2525,10.6083333333,36.0,0.0,1.0
"Row330",96.0,88.0,104.0,104.0,475.0,193.0,3042.0,101.5,11.0,50.0,-68.0,68.0,62.0,-80.0,-4.0,-56.0,-1.47,10.1166666667,10.5666666667,36.0,0.0,1.0
"Row331",177.0,205.0,179.0,222.0,975.0,222.0,2876.0,105.95,14.0,30.0,-36.0,109.0,43.0,-72.0,-3.0,7.7,132.52,41.5058333333,42.125,37.0,1.0,2.0
"Row332",170.0,177.0,205.0,222.0,962.0,222.0,2984.0,106.32,15.0,30.0,-40.0,78.0,44.0,-59.0,4.0,-1.84,120.72,40.3433333333,42.125,37.0,1.0,2.0
"Row333",164.0,170.0,177.0,222.0,953.0,222.0,3080.0,106.67,16.0,20.0,-51.0,35.0,48.0,-46.0,11.0,-4.0,118.08,39.1858333333,42.125,37.0,1.0,2.0
"Row334",160.0,164.0,170.0,205.0,895.0,222.0,3170.0,107.03,17.0,10.0,-68.0,3.0,52.0,-51.0,17.0,-7.43,108.93,35.5091666667,42.125,37.0,1.0,2.0
"Row335",161.0,160.0,164.0,205.0,876.0,222.0,3242.0,107.35,18.0,10.0,-79.0,0.0,59.0,-68.0,11.0,-11.19,105.23,30.7233333333,41.9108333333,37.0,1.0,2.0
"Row336",184.0,161.0,160.0,177.0,832.0,222.0,3321.0,107.67,19.0,10.0,-79.0,0.0,61.0,-79.0,0.0,5.3,127.06,27.2625,41.5058333333,37.0,1.0,2.0
"Row337",180.0,184.0,161.0,184.0,839.0,222.0,3415.0,108.06,20.0,10.0,-83.0,0.0,66.0,-79.0,4.0,5.76,87.37,24.07,40.3433333333,37.0,1.0,2.0
"Row338",180.0,180.0,184.0,184.0,849.0,222.0,3509.0,108.43,21.0,20.0,-96.0,0.0,67.0,-83.0,13.0,7.01,67.12,13.1158333333,39.1858333333,37.0,1.0,2.0
"Row339",83.0,180.0,180.0,184.0,865.0,222.0,3613.0,108.8,22.0,30.0,-80.0,0.0,65.0,-96.0,-16.0,-35.98,4.68,12.0208333333,35.5091666667,37.0,1.0,2.0
"Row340",107.0,83.0,180.0,184.0,788.0,222.0,3608.0,108.93,23.0,30.0,-89.0,0.0,66.0,-96.0,9.0,-11.74,58.49,12.0766666667,30.7233333333,37.0,1.0,2.0
"Row341",98.0,107.0,83.0,184.0,734.0,222.0,3632.0,109.1,24.0,30.0,-104.0,0.0,70.0,-96.0,15.0,-32.63,-9.43,11.1908333333,27.2625,37.0,1.0,2.0
"Row342",96.0,98.0,107.0,180.0,648.0,222.0,3648.0,109.21,1.0,20.0,-102.0,0.0,72.0,-104.0,-2.0,-7.43,47.28,14.9808333333,24.07,38.0,2.0,3.0
"Row343",130.0,96.0,98.0,180.0,564.0,222.0,3662.0,109.35,2.0,30.0,-115.0,0.0,75.0,-104.0,13.0,0.87,76.02,15.4191666667,14.9808333333,38.0,2.0,3.0
"Row344",140.0,130.0,96.0,130.0,514.0,222.0,3696.0,109.54,3.0,30.0,-113.0,0.0,75.0,-115.0,-2.0,2.86,90.4,14.8,15.4191666667,38.0,2.0,3.0
"Row345",135.0,140.0,130.0,140.0,571.0,222.0,3693.0,109.76,4.0,30.0,-114.0,0.0,77.0,-115.0,1.0,-2.64,75.01,11.0441666667,15.4191666667,38.0,2.0,3.0
"Row346",107.0,135.0,140.0,140.0,599.0,222.0,3697.0,109.96,5.0,30.0,-123.0,0.0,73.0,-115.0,9.0,-13.44,45.83,14.89,15.4191666667,38.0,2.0,3.0
"Row347",139.0,107.0,135.0,140.0,608.0,222.0,3699.0,110.12,6.0,30.0,-132.0,0.0,68.0,-123.0,9.0,8.59,80.58,15.8583333333,15.4191666667,38.0,2.0,3.0
"Row348",149.0,139.0,107.0,140.0,651.0,222.0,3729.0,110.34,7.0,40.0,-135.0,0.0,67.0,-132.0,3.0,8.0,99.37,21.15,15.8583333333,38.0,2.0,3.0
"Row349",228.0,149.0,139.0,149.0,670.0,222.0,3746.0,110.58,8.0,30.0,-125.0,9.0,64.0,-135.0,-10.0,14.25,137.57,30.71,21.15,38.0,2.0,3.0
"Row350",182.0,228.0,149.0,228.0,758.0,228.0,3763.0,110.93,9.0,50.0,-107.0,47.0,46.0,-135.0,-18.0,-5.4,114.06,34.8625,30.71,38.0,2.0,3.0
"Row351",257.0,182.0,228.0,228.0,805.0,228.0,3755.0,111.16,10.0,40.0,-90.0,89.0,52.0,-135.0,-17.0,69.08,203.46,40.14,34.8625,38.0,2.0,3.0
"Row352",190.0,257.0,182.0,257.0,955.0,257.0,3833.0,111.59,11.0,50.0,-84.0,118.0,56.0,-135.0,-6.0,8.59,142.15,41.8133333333,40.14,38.0,2.0,3.0
"Row353",239.0,190.0,257.0,257.0,1006.0,257.0,3801.0,111.86,12.0,50.0,-69.0,134.0,59.0,-135.0,-15.0,59.39,189.71,43.0483333333,41.8133333333,38.0,2.0,3.0
"Row354",181.0,239.0,190.0,257.0,1096.0,257.0,3861.0,112.26,13.0,60.0,-66.0,98.0,61.0,-125.0,-3.0,-0.43,135.46,42.5425,43.0483333333,38.0,2.0,3.0
"Row355",231.0,181.0,239.0,257.0,1049.0,257.0,3837.0,112.52,14.0,50.0,-53.0,101.0,65.0,-107.0,-13.0,58.36,178.32,42.9091666667,43.0483333333,38.0,2.0,3.0
"Row356",180.0,231.0,181.0,257.0,1098.0,257.0,3891.0,112.94,15.0,70.0,-46.0,78.0,69.0,-90.0,-7.0,5.04,110.08,41.6966666667,43.0483333333,38.0,2.0,3.0
"Row357",202.0,180.0,231.0,239.0,1021.0,257.0,3901.0,113.21,16.0,70.0,-43.0,35.0,70.0,-84.0,-3.0,30.89,142.78,39.9575,43.0483333333,38.0,2.0,3.0
"Row358",180.0,202.0,180.0,239.0,1033.0,257.0,3939.0,113.53,17.0,70.0,-43.0,5.0,71.0,-69.0,0.0,10.09,130.06,37.6875,43.0483333333,38.0,2.0,3.0
"Row359",181.0,180.0,202.0,231.0,974.0,257.0,3959.0,113.79,18.0,70.0,-42.0,0.0,69.0,-66.0,-1.0,7.3,127.35,32.9358333333,42.9091666667,38.0,2.0,3.0
"Row360",180.0,181.0,180.0,231.0,974.0,257.0,3979.0,114.05,19.0,70.0,-47.0,0.0,75.0,-53.0,5.0,0.6,97.28,28.8983333333,42.9091666667,38.0,2.0,3.0
"Row361",169.0,180.0,181.0,202.0,923.0,257.0,3975.0,114.3,20.0,70.0,-49.0,0.0,76.0,-47.0,2.0,-4.88,101.68,26.2883333333,41.6966666667,38.0,2.0,3.0
"Row362",171.0,169.0,180.0,202.0,912.0,257.0,3964.0,114.53,21.0,70.0,-45.0,0.0,79.0,-49.0,-4.0,-1.15,74.91,24.8733333333,39.9575,38.0,2.0,3.0
"Row363",178.0,171.0,169.0,181.0,881.0,257.0,3955.0,114.76,22.0,70.0,-42.0,0.0,79.0,-49.0,-3.0,57.57,75.22,23.8916666667,37.6875,38.0,2.0,3.0
"Row364",173.0,178.0,171.0,181.0,879.0,257.0,4050.0,115.09,23.0,80.0,-33.0,0.0,77.0,-49.0,-9.0,57.42,66.1,13.9491666667,32.9358333333,38.0,2.0,3.0
"Row365",97.0,173.0,178.0,180.0,871.0,257.0,4116.0,115.46,24.0,80.0,-32.0,0.0,76.0,-49.0,-1.0,-30.29,9.1,10.6475,28.8983333333,38.0,2.0,3.0
"Row366",97.0,97.0,173.0,178.0,788.0,257.0,4115.0,115.59,1.0,90.0,-31.0,0.0,76.0,-49.0,-1.0,-2.2,6.06,13.7775,26.2883333333,39.0,3.0,4.0
"Row367",96.0,97.0,97.0,178.0,716.0,257.0,4116.0,115.69,2.0,90.0,-31.0,0.0,79.0,-45.0,0.0,-28.58,10.03,14.5475,24.8733333333,39.0,3.0,4.0
"Row368",118.0,96.0,97.0,178.0,641.0,257.0,4082.0,115.79,3.0,90.0,-31.0,0.0,76.0,-42.0,0.0,-12.63,24.19,13.9433333333,23.8916666667,39.0,3.0,4.0
"Row369",114.0,118.0,96.0,173.0,581.0,257.0,4060.0,115.92,4.0,80.0,-30.0,0.0,77.0,-33.0,-1.0,-15.93,27.29,10.4183333333,14.5475,39.0,3.0,4.0
"Row370",96.0,114.0,118.0,118.0,522.0,257.0,4039.0,116.04,5.0,80.0,-30.0,0.0,76.0,-32.0,0.0,-16.34,8.35,14.2258333333,14.5475,39.0,3.0,4.0
"Row371",96.0,96.0,114.0,118.0,521.0,257.0,4028.0,116.15,6.0,70.0,-32.0,0.0,75.0,-31.0,2.0,-25.65,10.01,15.13,14.5475,39.0,3.0,4.0
"Row372",116.0,96.0,96.0,118.0,520.0,257.0,3985.0,116.24,7.0,80.0,-30.0,0.0,74.0,-32.0,-2.0,-15.44,34.65,21.2925,15.13,39.0,3.0,4.0
"Row373",215.0,116.0,96.0,118.0,540.0,257.0,3952.0,116.36,8.0,70.0,-29.0,5.0,75.0,-32.0,-1.0,13.44,141.28,28.9491666667,21.2925,39.0,3.0,4.0
"Row374",169.0,215.0,116.0,215.0,637.0,257.0,3939.0,116.58,9.0,70.0,-25.0,19.0,75.0,-32.0,-4.0,-5.96,97.17,33.8091666667,28.9491666667,39.0,3.0,4.0
"Row375",183.0,169.0,215.0,215.0,692.0,257.0,3926.0,116.73,10.0,70.0,-23.0,36.0,73.0,-32.0,-2.0,8.53,116.52,37.88,33.8091666667,39.0,3.0,4.0
"Row376",168.0,183.0,169.0,215.0,779.0,239.0,3852.0,116.92,11.0,60.0,-19.0,54.0,72.0,-32.0,-4.0,-0.4,101.72,40.1291666667,37.88,39.0,3.0,4.0
"Row377",171.0,168.0,183.0,215.0,851.0,239.0,3830.0,117.08,12.0,70.0,-17.0,62.0,72.0,-30.0,-2.0,4.28,114.88,41.6491666667,40.1291666667,39.0,3.0,4.0
"Row378",167.0,171.0,168.0,215.0,906.0,231.0,3762.0,117.21,13.0,70.0,-16.0,56.0,74.0,-29.0,-1.0,-0.9,120.03,41.0208333333,41.6491666667,39.0,3.0,4.0
"Row379",163.0,167.0,171.0,183.0,858.0,231.0,3748.0,117.38,14.0,70.0,-18.0,65.0,71.0,-25.0,2.0,3.29,107.92,40.2075,41.6491666667,39.0,3.0,4.0
"Row380",162.0,163.0,167.0,183.0,852.0,215.0,3680.0,117.57,15.0,80.0,-19.0,71.0,74.0,-23.0,1.0,-0.57,104.08,39.4125,41.6491666667,39.0,3.0,4.0
"Row381",160.0,162.0,163.0,171.0,831.0,215.0,3662.0,117.74,16.0,70.0,-22.0,40.0,74.0,-19.0,3.0,0.51,99.73,37.445,41.6491666667,39.0,3.0,4.0
"Row382",160.0,160.0,162.0,171.0,823.0,215.0,3620.0,117.92,17.0,70.0,-27.0,4.0,76.0,-22.0,5.0,1.57,107.88,34.4958333333,41.6491666667,39.0,3.0,4.0
"Row383",162.0,160.0,160.0,167.0,812.0,215.0,3600.0,118.12,18.0,60.0,-29.0,0.0,77.0,-27.0,2.0,-0.79,105.11,30.1308333333,41.0208333333,39.0,3.0,4.0
"Row384",168.0,162.0,160.0,163.0,807.0,215.0,3581.0,118.32,19.0,60.0,-34.0,0.0,78.0,-29.0,5.0,-1.22,107.08,27.17,40.2075,39.0,3.0,4.0
"Row385",162.0,168.0,162.0,168.0,812.0,215.0,3569.0,118.53,20.0,50.0,-37.0,0.0,79.0,-34.0,3.0,-2.16,80.65,23.145,39.4125,39.0,3.0,4.0
"Row386",163.0,162.0,168.0,168.0,812.0,215.0,3562.0,118.71,21.0,40.0,-47.0,0.0,81.0,-37.0,10.0,-0.49,115.73,12.5758333333,37.445,39.0,3.0,4.0
"Row387",89.0,163.0,162.0,168.0,815.0,215.0,3554.0,118.9,22.0,40.0,-56.0,0.0,83.0,-47.0,9.0,-26.73,13.01,11.6066666667,34.4958333333,39.0,3.0,4.0
"Row388",89.0,89.0,163.0,168.0,744.0,215.0,3465.0,118.88,23.0,30.0,-62.0,0.0,86.0,-56.0,6.0,-18.92,-1.27,11.6733333333,30.1308333333,39.0,3.0,4.0
"Row389",83.0,89.0,89.0,168.0,671.0,215.0,3381.0,118.87,24.0,20.0,-74.0,0.0,90.0,-62.0,12.0,-38.13,4.75,10.7566666667,27.17,39.0,3.0,4.0
"Row390",90.0,83.0,89.0,163.0,586.0,215.0,3367.0,118.91,1.0,30.0,-74.0,0.0,90.0,-74.0,0.0,-3.81,8.76,15.4,23.145,40.0,4.0,5.0
"Row391",96.0,90.0,83.0,163.0,514.0,215.0,3360.0,119.04,2.0,20.0,-79.0,0.0,92.0,-74.0,5.0,-24.21,10.26,16.0358333333,15.4,40.0,4.0,5.0
"Row392",152.0,96.0,90.0,96.0,447.0,215.0,3360.0,119.13,3.0,20.0,-81.0,0.0,92.0,-79.0,2.0,26.35,79.82,15.71,16.0358333333,40.0,4.0,5.0
"Row393",124.0,152.0,96.0,152.0,510.0,215.0,3394.0,119.35,4.0,20.0,-79.0,0.0,92.0,-81.0,-2.0,-1.11,43.85,11.8925,16.0358333333,40.0,4.0,5.0
"Row394",92.0,124.0,152.0,152.0,545.0,215.0,3404.0,119.52,5.0,20.0,-75.0,0.0,92.0,-81.0,-4.0,-16.47,11.72,15.5958333333,16.0358333333,40.0,4.0,5.0
"Row395",129.0,92.0,124.0,152.0,554.0,215.0,3400.0,119.62,6.0,20.0,-113.0,0.0,88.0,-81.0,38.0,10.94,47.63,16.5325,16.0358333333,40.0,4.0,5.0
"Row396",132.0,129.0,92.0,152.0,593.0,215.0,3433.0,119.81,7.0,20.0,-63.0,0.0,92.0,-113.0,-50.0,4.01,23.45,22.6441666667,16.5325,40.0,4.0,5.0
"Row397",213.0,132.0,129.0,152.0,629.0,215.0,3449.0,119.98,8.0,20.0,-59.0,5.0,91.0,-113.0,-4.0,16.59,102.83,30.9016666667,22.6441666667,40.0,4.0,5.0
"Row398",179.0,213.0,132.0,213.0,690.0,213.0,3447.0,120.21,9.0,10.0,-45.0,15.0,88.0,-113.0,-14.0,8.5,70.52,34.8266666667,30.9016666667,40.0,4.0,5.0
"Row399",187.0,179.0,213.0,213.0,745.0,213.0,3457.0,120.42,10.0,20.0,-31.0,27.0,86.0,-113.0,-14.0,17.7,91.54,39.1641666667,34.8266666667,40.0,4.0,5.0
"Row400",168.0,187.0,179.0,213.0,840.0,213.0,3461.0,120.64,11.0,20.0,-21.0,28.0,86.0,-113.0,-10.0,4.03,83.95,41.3966666667,39.1641666667,40.0,4.0,5.0
"Row401",161.0,168.0,187.0,213.0,879.0,213.0,3461.0,120.79,12.0,30.0,-11.0,29.0,84.0,-63.0,-10.0,-1.69,29.44,42.8058333333,41.3966666667,40.0,4.0,5.0
"Row402",159.0,161.0,168.0,213.0,908.0,213.0,3451.0,120.95,13.0,50.0,2.0,53.0,83.0,-59.0,-13.0,-4.55,98.7,42.7666666667,42.8058333333,40.0,4.0,5.0
"Row403",151.0,159.0,161.0,187.0,854.0,213.0,3443.0,121.11,14.0,50.0,8.0,36.0,83.0,-45.0,-6.0,-4.62,83.69,42.6783333333,42.8058333333,40.0,4.0,5.0
"Row404",143.0,151.0,159.0,187.0,826.0,213.0,3431.0,121.22,15.0,50.0,8.0,8.0,82.0,-31.0,0.0,-15.7,84.78,41.1008333333,42.8058333333,40.0,4.0,5.0
"Row405",152.0,143.0,151.0,168.0,782.0,213.0,3412.0,121.33,16.0,50.0,-7.0,15.0,78.0,-21.0,15.0,-4.05,83.19,39.4883333333,42.8058333333,40.0,4.0,5.0
"Row406",151.0,152.0,143.0,161.0,766.0,213.0,3404.0,121.48,17.0,50.0,-16.0,3.0,71.0,-11.0,9.0,-3.8,95.04,36.0383333333,42.8058333333,40.0,4.0,5.0
"Row407",153.0,151.0,152.0,159.0,756.0,213.0,3395.0,121.62,18.0,50.0,-27.0,0.0,72.0,-16.0,11.0,-6.01,89.4,31.7008333333,42.7666666667,40.0,4.0,5.0
"Row408",166.0,153.0,151.0,153.0,750.0,213.0,3386.0,121.78,19.0,60.0,-34.0,0.0,75.0,-27.0,7.0,0.57,103.29,29.4325,42.6783333333,40.0,4.0,5.0
"Row409",165.0,166.0,153.0,166.0,765.0,213.0,3384.0,121.97,20.0,50.0,-46.0,0.0,79.0,-34.0,12.0,4.9,105.78,27.0416666667,41.1008333333,40.0,4.0,5.0
"Row410",164.0,165.0,166.0,166.0,787.0,213.0,3387.0,122.14,21.0,50.0,-42.0,0.0,78.0,-46.0,-4.0,4.25,92.7,25.315,39.4883333333,40.0,4.0,5.0
"Row411",164.0,164.0,165.0,166.0,799.0,213.0,3388.0,122.34,22.0,50.0,-55.0,0.0,83.0,-46.0,13.0,48.42,108.38,23.3383333333,36.0383333333,40.0,4.0,5.0
"Row412",143.0,164.0,164.0,166.0,812.0,213.0,3463.0,122.66,23.0,40.0,-49.0,0.0,83.0,-55.0,-6.0,38.54,73.73,13.6975,31.7008333333,40.0,4.0,5.0
"Row413",125.0,143.0,164.0,166.0,802.0,213.0,3517.0,122.91,24.0,40.0,-53.0,0.0,83.0,-55.0,4.0,6.21,61.98,10.8408333333,29.4325,40.0,4.0,5.0
"Row414",95.0,125.0,143.0,165.0,761.0,213.0,3559.0,123.12,1.0,40.0,-55.0,0.0,79.0,-55.0,2.0,2.42,23.85,14.4075,27.0416666667,41.0,5.0,6.0
"Row415",96.0,95.0,125.0,164.0,691.0,213.0,3564.0,123.24,2.0,40.0,-58.0,0.0,78.0,-55.0,3.0,-23.69,27.85,15.0441666667,25.315,41.0,5.0,6.0
"Row416",117.0,96.0,95.0,164.0,623.0,213.0,3564.0,123.34,3.0,40.0,-70.0,0.0,80.0,-58.0,12.0,-7.52,51.58,14.645,23.3383333333,41.0,5.0,6.0
"Row417",125.0,117.0,96.0,143.0,576.0,213.0,3529.0,123.48,4.0,40.0,-72.0,0.0,81.0,-70.0,2.0,0.48,59.58,11.1616666667,15.0441666667,41.0,5.0,6.0
"Row418",95.0,125.0,117.0,125.0,558.0,213.0,3530.0,123.64,5.0,40.0,-70.0,0.0,79.0,-72.0,-2.0,-14.49,24.83,14.6016666667,15.0441666667,41.0,5.0,6.0
"Row419",116.0,95.0,125.0,125.0,528.0,213.0,3533.0,123.74,6.0,50.0,-67.0,0.0,76.0,-72.0,-3.0,-3.03,52.35,15.7333333333,15.0441666667,41.0,5.0,6.0
"Row420",126.0,116.0,95.0,125.0,549.0,213.0,3520.0,123.9,7.0,50.0,-71.0,0.0,77.0,-72.0,4.0,-2.71,59.65,21.6533333333,15.7333333333,41.0,5.0,6.0
"Row421",217.0,126.0,116.0,126.0,579.0,213.0,3514.0,124.04,8.0,50.0,-69.0,14.0,76.0,-72.0,-2.0,21.52,155.55,29.2016666667,21.6533333333,41.0,5.0,6.0
"Row422",179.0,217.0,126.0,217.0,679.0,217.0,3518.0,124.33,9.0,50.0,-61.0,60.0,72.0,-72.0,-8.0,8.27,118.59,33.3708333333,29.2016666667,41.0,5.0,6.0
"Row423",193.0,179.0,217.0,217.0,733.0,217.0,3518.0,124.51,10.0,60.0,-53.0,105.0,65.0,-71.0,-8.0,23.75,140.89,36.6025,33.3708333333,41.0,5.0,6.0
"Row424",182.0,193.0,179.0,217.0,831.0,217.0,3524.0,124.74,11.0,60.0,-46.0,132.0,64.0,-71.0,-7.0,17.77,127.87,38.7733333333,36.6025,41.0,5.0,6.0
"Row425",191.0,182.0,193.0,217.0,897.0,217.0,3538.0,124.94,12.0,50.0,-39.0,143.0,63.0,-71.0,-7.0,27.98,142.83,39.255,38.7733333333,41.0,5.0,6.0
"Row426",169.0,191.0,182.0,217.0,962.0,217.0,3568.0,125.16,13.0,50.0,-32.0,142.0,60.0,-69.0,-7.0,5.6,118.77,38.6658333333,39.255,41.0,5.0,6.0
"Row427",161.0,169.0,191.0,193.0,914.0,217.0,3578.0,125.35,14.0,50.0,-26.0,121.0,59.0,-61.0,-6.0,5.07,105.65,39.1366666667,39.255,41.0,5.0,6.0
"Row428",159.0,161.0,169.0,193.0,896.0,217.0,3588.0,125.5,15.0,50.0,-28.0,85.0,56.0,-53.0,2.0,0.02,93.55,38.9658333333,39.255,41.0,5.0,6.0
"Row429",152.0,159.0,161.0,191.0,862.0,217.0,3604.0,125.64,16.0,40.0,-34.0,43.0,52.0,-46.0,6.0,-5.26,93.69,36.75,39.255,41.0,5.0,6.0
"Row430",152.0,152.0,159.0,191.0,832.0,217.0,3604.0,125.77,17.0,40.0,-47.0,7.0,58.0,-39.0,13.0,-4.05,95.02,34.1341666667,39.255,41.0,5.0,6.0
"Row431",161.0,152.0,152.0,169.0,793.0,217.0,3605.0,125.93,18.0,40.0,-56.0,0.0,62.0,-47.0,9.0,0.63,102.85,29.6908333333,39.1366666667,41.0,5.0,6.0
"Row432",168.0,161.0,152.0,161.0,785.0,217.0,3613.0,126.09,19.0,40.0,-58.0,0.0,62.0,-56.0,2.0,1.08,108.61,27.2383333333,39.1366666667,41.0,5.0,6.0
"Row433",166.0,168.0,161.0,168.0,792.0,217.0,3615.0,126.29,20.0,40.0,-63.0,0.0,62.0,-58.0,5.0,4.25,105.7,23.3041666667,38.9658333333,41.0,5.0,6.0
"Row434",162.0,166.0,168.0,168.0,799.0,217.0,3616.0,126.49,21.0,40.0,-63.0,0.0,61.0,-63.0,0.0,0.13,81.94,13.1225,36.75,41.0,5.0,6.0
"Row435",77.0,162.0,166.0,168.0,809.0,217.0,3614.0,126.68,22.0,40.0,-70.0,0.0,62.0,-63.0,7.0,-42.57,7.95,11.5433333333,34.1341666667,41.0,5.0,6.0
"Row436",74.0,77.0,162.0,168.0,734.0,217.0,3527.0,126.64,23.0,40.0,-82.0,0.0,66.0,-70.0,12.0,-32.83,2.17,11.7108333333,29.6908333333,41.0,5.0,6.0
"Row437",97.0,74.0,77.0,168.0,647.0,217.0,3458.0,126.6,24.0,40.0,-82.0,0.0,65.0,-82.0,0.0,-23.31,22.17,10.9491666667,27.2383333333,41.0,5.0,6.0
"Row438",95.0,97.0,74.0,166.0,576.0,217.0,3430.0,126.69,1.0,40.0,-86.0,0.0,68.0,-82.0,4.0,-0.21,19.14,10.5733333333,23.3041666667,42.0,6.0,0.0
"Row439",83.0,95.0,97.0,162.0,505.0,217.0,3430.0,126.85,2.0,40.0,-89.0,0.0,69.0,-86.0,3.0,-38.82,17.24,10.5241666667,13.1225,42.0,6.0,0.0
"Row440",82.0,83.0,95.0,97.0,426.0,217.0,3417.0,126.86,3.0,30.0,-99.0,0.0,73.0,-89.0,10.0,-42.82,8.79,10.5608333333,11.7108333333,42.0,6.0,0.0
"Row441",91.0,82.0,83.0,97.0,431.0,217.0,3382.0,126.89,4.0,30.0,-93.0,0.0,71.0,-99.0,-6.0,-33.13,20.14,10.6316666667,11.7108333333,42.0,6.0,0.0
"Row442",96.0,91.0,82.0,97.0,448.0,217.0,3348.0,126.94,5.0,40.0,-96.0,0.0,72.0,-99.0,3.0,-13.5,17.22,10.6516666667,10.9491666667,42.0,6.0,0.0
"Row443",90.0,96.0,91.0,96.0,447.0,217.0,3349.0,127.03,6.0,40.0,-100.0,0.0,72.0,-99.0,4.0,-27.96,16.24,10.4808333333,10.6516666667,42.0,6.0,0.0
"Row444",93.0,90.0,96.0,96.0,442.0,217.0,3323.0,127.11,7.0,30.0,-99.0,0.0,72.0,-100.0,-1.0,-33.32,13.95,13.4325,10.6516666667,42.0,6.0,0.0
"Row445",121.0,93.0,90.0,96.0,452.0,217.0,3290.0,127.16,8.0,40.0,-88.0,13.0,67.0,-100.0,-11.0,-69.39,50.21,18.1158333333,13.4325,42.0,6.0,0.0
"Row446",221.0,121.0,93.0,121.0,491.0,193.0,3194.0,127.12,9.0,40.0,-72.0,53.0,61.0,-100.0,-16.0,55.24,150.18,17.795,18.1158333333,42.0,6.0,0.0
"Row447",179.0,221.0,121.0,221.0,621.0,221.0,3236.0,127.38,10.0,30.0,-56.0,96.0,62.0,-100.0,-16.0,15.62,114.05,17.8566666667,18.1158333333,42.0,6.0,0.0
"Row448",193.0,179.0,221.0,221.0,704.0,221.0,3222.0,127.55,11.0,40.0,-45.0,128.0,61.0,-100.0,-11.0,34.94,136.38,17.6666666667,18.1158333333,42.0,6.0,0.0
"Row449",179.0,193.0,179.0,221.0,807.0,221.0,3233.0,127.79,12.0,40.0,-41.0,143.0,61.0,-99.0,-4.0,22.7,125.76,17.425,18.1158333333,42.0,6.0,0.0
"Row450",159.0,179.0,193.0,221.0,893.0,221.0,3221.0,127.98,13.0,40.0,-38.0,143.0,62.0,-88.0,-3.0,3.41,107.21,17.1558333333,18.1158333333,42.0,6.0,0.0
"Row451",152.0,159.0,179.0,221.0,931.0,221.0,3211.0,128.14,14.0,40.0,-35.0,125.0,64.0,-72.0,-3.0,3.82,98.0,17.2275,17.8566666667,42.0,6.0,0.0
"Row452",152.0,152.0,159.0,193.0,862.0,221.0,3202.0,128.3,15.0,40.0,-38.0,85.0,66.0,-56.0,3.0,1.2,96.49,17.0316666667,17.8566666667,42.0,6.0,0.0
"Row453",149.0,152.0,152.0,193.0,835.0,221.0,3195.0,128.48,16.0,40.0,-38.0,50.0,69.0,-45.0,0.0,-0.62,92.96,17.1233333333,17.6666666667,42.0,6.0,0.0
"Row454",152.0,149.0,152.0,179.0,791.0,221.0,3192.0,128.67,17.0,30.0,-49.0,8.0,73.0,-41.0,11.0,3.96,101.27,17.1891666667,17.425,42.0,6.0,0.0
"Row455",150.0,152.0,149.0,159.0,764.0,221.0,3192.0,128.86,18.0,20.0,-55.0,0.0,76.0,-49.0,6.0,-2.26,95.3,17.1666666667,17.2275,42.0,6.0,0.0
"Row456",167.0,150.0,152.0,152.0,755.0,221.0,3181.0,129.02,19.0,20.0,-61.0,0.0,79.0,-55.0,6.0,8.3,112.41,14.6925,17.2275,42.0,6.0,0.0
"Row457",141.0,167.0,150.0,167.0,770.0,221.0,3180.0,129.24,20.0,10.0,-65.0,0.0,82.0,-61.0,4.0,-12.47,-2.83,10.3441666667,17.1891666667,42.0,6.0,0.0
"Row458",82.0,141.0,167.0,167.0,759.0,221.0,3155.0,129.37,21.0,10.0,-82.0,0.0,85.0,-65.0,17.0,-71.83,5.85,10.3325,17.1891666667,42.0,6.0,0.0
"Row459",63.0,82.0,141.0,167.0,692.0,221.0,3075.0,129.33,22.0,10.0,-86.0,0.0,86.0,-82.0,4.0,-50.66,-8.82,10.3758333333,17.1891666667,42.0,6.0,0.0
"Row460",89.0,63.0,82.0,167.0,603.0,221.0,3061.0,129.32,23.0,10.0,-92.0,0.0,86.0,-86.0,6.0,-10.57,2.34,10.4841666667,17.1666666667,42.0,6.0,0.0
"Row461",82.0,89.0,63.0,167.0,542.0,221.0,3076.0,129.47,24.0,10.0,-94.0,0.0,88.0,-92.0,2.0,-30.47,5.03,10.5508333333,14.6925,42.0,6.0,0.0
"Row462",77.0,82.0,89.0,141.0,457.0,221.0,3061.0,129.51,1.0,10.0,-95.0,0.0,88.0,-94.0,1.0,-11.76,3.08,10.5783333333,10.5508333333,43.0,0.0,1.0
"Row463",81.0,77.0,82.0,89.0,393.0,221.0,3043.0,129.59,2.0,10.0,-104.0,0.0,89.0,-95.0,9.0,-34.42,5.94,10.5058333333,10.5783333333,43.0,0.0,1.0
"Row464",83.0,81.0,77.0,89.0,392.0,221.0,3041.0,129.67,3.0,10.0,-87.0,0.0,89.0,-104.0,-17.0,-34.14,7.89,10.4008333333,10.5783333333,43.0,0.0,1.0
"Row465",83.0,83.0,81.0,89.0,412.0,221.0,3042.0,129.76,4.0,10.0,-72.0,0.0,89.0,-104.0,-15.0,-33.33,-3.33,10.48,10.5783333333,43.0,0.0,1.0
"Row466",75.0,83.0,83.0,83.0,406.0,221.0,3034.0,129.84,5.0,10.0,-60.0,0.0,87.0,-104.0,-12.0,-27.65,3.06,10.5158333333,10.5783333333,43.0,0.0,1.0
